"line","YDHPL","YDHA","PLHA","DF","DPM","SW100","TSW","POM","PHI"
"A_154",NA,NA,NA,NA,NA,NA,NA,NA,NA
"AAB_001-b",NA,NA,NA,NA,NA,NA,NA,NA,NA
"AAB_011",NA,NA,NA,NA,NA,NA,NA,NA,NA
"ABD_054",NA,NA,NA,NA,NA,NA,NA,NA,NA
"ABD_058",NA,NA,NA,NA,NA,NA,NA,NA,NA
"ABD_066",NA,NA,NA,NA,NA,NA,NA,NA,NA
"ABD_185",NA,NA,NA,NA,NA,NA,NA,NA,NA
"ABD_206",NA,NA,NA,NA,NA,NA,NA,NA,NA
"ABU_001",NA,NA,NA,NA,NA,NA,NA,NA,NA
"ABU_002",NA,NA,NA,NA,NA,NA,NA,NA,NA
"ABU_003",NA,NA,NA,NA,NA,NA,NA,NA,NA
"ABU_004",NA,NA,NA,NA,NA,NA,NA,NA,NA
"ABU_005",NA,NA,NA,NA,NA,NA,NA,NA,NA
"ABU_006",NA,NA,NA,NA,NA,NA,NA,NA,NA
"ABU_007",NA,NA,NA,NA,NA,NA,NA,NA,NA
"ABU_008",NA,NA,NA,NA,NA,NA,NA,NA,NA
"ABU_009",NA,NA,NA,NA,NA,NA,NA,NA,NA
"ABU_010",NA,NA,NA,NA,NA,NA,NA,NA,NA
"ABU_011",NA,NA,NA,NA,NA,NA,NA,NA,NA
"ABU_012",NA,NA,NA,NA,NA,NA,NA,NA,NA
"ABU_013",NA,NA,NA,NA,NA,NA,NA,NA,NA
"ABU_014",NA,NA,NA,NA,NA,NA,NA,NA,NA
"ABU_015",NA,NA,NA,NA,NA,NA,NA,NA,NA
"ABU_016",NA,NA,NA,NA,NA,NA,NA,NA,NA
"ABU_017",NA,NA,NA,NA,NA,NA,NA,NA,NA
"ABU_018",NA,NA,NA,NA,NA,NA,NA,NA,NA
"ABU_019",NA,NA,NA,NA,NA,NA,NA,NA,NA
"ABU_020",NA,NA,NA,NA,NA,NA,NA,NA,NA
"ABU_021",NA,NA,NA,NA,NA,NA,NA,NA,NA
"ABU_022",NA,NA,NA,NA,NA,NA,NA,NA,NA
"ABU_023",NA,NA,NA,NA,NA,NA,NA,NA,NA
"ABU_024",NA,NA,NA,NA,NA,NA,NA,NA,NA
"ABU_025",NA,NA,NA,NA,NA,NA,NA,NA,NA
"ABU_026",NA,NA,NA,NA,NA,NA,NA,NA,NA
"ABU_027",NA,NA,NA,NA,NA,NA,NA,NA,NA
"ABU_028",NA,NA,NA,NA,NA,NA,NA,NA,NA
"ABU_029",NA,NA,NA,NA,NA,NA,NA,NA,NA
"ABU_030",NA,NA,NA,NA,NA,NA,NA,NA,NA
"ABU_031",NA,NA,NA,NA,NA,NA,NA,NA,NA
"ABU_032",NA,NA,NA,NA,NA,NA,NA,NA,NA
"ABU_033",NA,NA,NA,NA,NA,NA,NA,NA,NA
"ABU_034",NA,NA,NA,NA,NA,NA,NA,NA,NA
"ABU_035",NA,NA,NA,NA,NA,NA,NA,NA,NA
"ABU_036",NA,NA,NA,NA,NA,NA,NA,NA,NA
"ABU_037",NA,NA,NA,NA,NA,NA,NA,NA,NA
"ABU_038",NA,NA,NA,NA,NA,NA,NA,NA,NA
"ABU_039",NA,NA,NA,NA,NA,NA,NA,NA,NA
"ABU_041",NA,NA,NA,NA,NA,NA,NA,NA,NA
"ABU_042",NA,NA,NA,NA,NA,NA,NA,NA,NA
"ABU_043",NA,NA,NA,NA,NA,NA,NA,NA,NA
"ABU_044",NA,NA,NA,NA,NA,NA,NA,NA,NA
"ABU_045",NA,NA,NA,NA,NA,NA,NA,NA,NA
"ABU_046",NA,NA,NA,NA,NA,NA,NA,NA,NA
"ABU_047",NA,NA,NA,NA,NA,NA,NA,NA,NA
"ABU_048",NA,NA,NA,NA,NA,NA,NA,NA,NA
"ABU_049",NA,NA,NA,NA,NA,NA,NA,NA,NA
"ABU_050",NA,NA,NA,NA,NA,NA,NA,NA,NA
"ABU_051",NA,NA,NA,NA,NA,NA,NA,NA,NA
"ABU_052",NA,NA,NA,NA,NA,NA,NA,NA,NA
"ABU_054",NA,NA,NA,NA,NA,NA,NA,NA,NA
"ABU_055",NA,NA,NA,NA,NA,NA,NA,NA,NA
"ABU_056",NA,NA,NA,NA,NA,NA,NA,NA,NA
"ABU_057",NA,NA,NA,NA,NA,NA,NA,NA,NA
"ABU_058",NA,NA,NA,NA,NA,NA,NA,NA,NA
"ABU_059",NA,NA,NA,NA,NA,NA,NA,NA,NA
"ABU_060",NA,NA,NA,NA,NA,NA,NA,NA,NA
"ABU_061",NA,NA,NA,NA,NA,NA,NA,NA,NA
"ACC_001",NA,NA,NA,NA,NA,NA,NA,NA,NA
"ACC_002",2004.63279218029,2600.05025106873,27.6366667051173,40.2231273166471,80.5301764779729,50.0950685601238,305.593770373741,11.5825519617601,73.2731099925049
"ACC_003",1593.07773249042,1814.31912715299,27.0112985264395,45.1565286425198,82.7207450407614,49.9606582323006,217.942387818414,11.5914784668262,71.3677712273641
"ACC_004",1535.64826799529,1705.13266172041,27.0514368278536,40.8066716742388,82.0454884640368,53.8122234096029,208.390789327751,11.5875109793663,71.5265930077095
"ACC_005",1984.58269204735,2537.40901991595,27.3535402488354,40.8397559837343,81.1024598307227,60.1449937629229,291.541951682285,11.5911412702299,74.8501113495101
"ACC_006",NA,NA,NA,NA,NA,NA,NA,NA,NA
"ACC_007",1830.8419507811,2285.68074553157,27.5789697939082,40.1112108641979,80.8819306636412,44.1003278568821,271.850519708197,11.591718633222,75.6347377948816
"ACC_008",1903.09601900857,2538.13177596605,27.8541749014668,40.2451572251475,81.2410944554371,53.334616608467,291.298562657588,11.5919449200402,73.8618719753299
"ACC_009",2007.0928791726,2605.66760809092,27.672490662671,42.879158041911,81.9047492291228,52.8076942812182,305.261707778633,11.5831376161996,77.150684418183
"ACC_010",1916.65273425093,2335.35189573773,27.196798557408,40.3587372979418,80.915867981993,48.7856803515476,274.744979168672,11.5965864437372,74.9406678934694
"ACC_011",1696.84786915781,2076.36286757841,27.7174544048137,39.5573811787165,81.3432334169321,51.1180033873553,244.547754086568,11.5887643197597,74.3040217292191
"ACC_012",2122.92955417389,2913.16142286211,27.9186042967631,41.8382605389764,82.5764723097456,55.2092729894353,337.628254687646,11.5818746316703,76.4403713048493
"ACC_013",NA,NA,NA,NA,NA,NA,NA,NA,NA
"ACC_014",1785.19605823683,2154.09430862969,27.4947091477118,45.3790384145959,82.3559496387595,50.2268926396034,258.393242489094,11.5919747507461,75.2044512665298
"ACC_015",NA,NA,NA,NA,NA,NA,NA,NA,NA
"ACC_016",NA,NA,NA,NA,NA,NA,NA,NA,NA
"ACC_017",1370.26585118242,1540.99636187479,27.3288639442854,43.3576069850231,82.3462976457803,51.7788032882477,186.675247902921,11.5707642416289,69.2653043753937
"ACC_018",1732.22890233113,2179.30463407019,27.5718062369382,40.312109986322,80.7452810975698,51.5609878804764,258.281362595585,11.5834936425267,75.519608755555
"ACC_019",NA,NA,NA,NA,NA,NA,NA,NA,NA
"ACC_020",NA,NA,NA,NA,NA,NA,NA,NA,NA
"ACC_021",NA,NA,NA,NA,NA,NA,NA,NA,NA
"ACC_022",2060.00494557868,2672.07326229454,27.4312441889612,40.2167463610668,80.0885855071336,53.2886464942514,308.772853146499,11.5793862166546,78.2866617702756
"ACC_023",2536.79921605477,2944.81484316697,27.1298526554235,39.8868126650421,81.6388012835466,50.2307642791527,338.304406959128,11.5838842562405,71.4491484436742
"ACC_024",1767.75485192556,2243.78553130764,27.7774076882884,40.588324068816,82.1818930246885,49.613397393851,264.550377723908,11.5828404724246,74.9397292739651
"ACC_025",1572.80316869211,1834.26340442824,27.3528706638024,40.4240942400009,81.9161670192792,40.3414080030568,218.196698752278,11.5828681140333,72.0025594384788
"ACC_026",1622.98313719556,1935.24467895036,27.5303003710516,41.2681412389102,82.1438930518545,46.5232431988731,231.107330870011,11.5864796971014,71.6894707015706
"ACC_027",1647.54272264215,1772.00594461733,27.7168365712565,41.368699981875,81.842529443741,50.6365229185623,246.307297219274,11.5701546812615,69.6198309573228
"ACC_028",1580.23545541727,2011.65892806815,27.9016469394989,40.2759036759447,81.5357595439631,50.1852091966132,238.303319863722,11.5851512790028,79.1099139823646
"ACC_029",1643.63528307723,1704.96444598356,26.5207343224478,43.9829908906669,82.4042741552152,48.8714003785625,203.321630809745,11.5878064737803,72.0751301908641
"ACC_030",1980.27289722653,2340.27061831932,27.0013578299235,42.6254655134825,82.6460415155856,52.6689934368633,276.892399127506,11.5879096296287,67.4451208961047
"ACC_031",1983.93871516179,2203.37380797121,26.9198840066117,44.614759645645,82.0929336476432,54.3369660252335,264.566214084754,11.5841776763271,71.3637928563578
"AFR_298",2143.16105633912,2641.04528172505,27.2209184968952,42.8688723829008,82.8953473973735,51.5974507202759,309.293908817642,11.5876242255007,71.0002791536656
"AFR_612",NA,NA,NA,NA,NA,NA,NA,NA,NA
"AFR_619",2203.00883758977,2764.31661049361,27.1598233252175,44.6624191487419,82.3681033751954,49.7749311685643,318.275325247902,11.5941696518657,75.545767465823
"AFR_708",1876.02909489425,2391.13149586447,27.5337773080362,44.0357754840255,81.7179997080484,52.4432776029077,276.32273720799,11.582285304697,76.6377560532187
"AFR_722",2086.97998270455,2675.34825826422,27.4315414577148,43.2199418110425,82.0909472633481,58.2096245015438,314.775952600358,11.5866976911882,74.3924094260266
"AFR_735",1766.07519668088,2268.31646709985,28.138107402271,40.1086125987433,81.3592298356733,51.7269368704762,269.404100503462,11.585635937172,75.6630931027295
"ALB_252",NA,NA,NA,NA,NA,NA,NA,NA,NA
"ALB_252-01",NA,NA,NA,NA,NA,NA,NA,NA,NA
"ALB_252-02",NA,NA,NA,NA,NA,NA,NA,NA,NA
"ALB_252-03",NA,NA,NA,NA,NA,NA,NA,NA,NA
"ALB_252-04",NA,NA,NA,NA,NA,NA,NA,NA,NA
"ALB_252-05",NA,NA,NA,NA,NA,NA,NA,NA,NA
"ALB_252-06",NA,NA,NA,NA,NA,NA,NA,NA,NA
"ALB_252-07",NA,NA,NA,NA,NA,NA,NA,NA,NA
"ALB_252-08",NA,NA,NA,NA,NA,NA,NA,NA,NA
"ALB_252-09",NA,NA,NA,NA,NA,NA,NA,NA,NA
"ALB_252-10",NA,NA,NA,NA,NA,NA,NA,NA,NA
"ALB_252-11",NA,NA,NA,NA,NA,NA,NA,NA,NA
"ALB_252-12",NA,NA,NA,NA,NA,NA,NA,NA,NA
"ALB_252-13",NA,NA,NA,NA,NA,NA,NA,NA,NA
"ALB_252-14",NA,NA,NA,NA,NA,NA,NA,NA,NA
"AMADEUS",2105.23307878154,3234.89940868066,29.2888155922755,42.5072939016191,82.2525038098288,33.775706919006,374.241594134964,11.5915018332128,77.0854628489471
"AND_277",NA,NA,NA,NA,NA,NA,NA,NA,NA
"BAT_477",NA,NA,NA,NA,NA,NA,NA,NA,NA
"BFS_010",NA,NA,NA,NA,NA,NA,NA,NA,NA
"BFS_014",NA,NA,NA,NA,NA,NA,NA,NA,NA
"BFS_029",NA,NA,NA,NA,NA,NA,NA,NA,NA
"BFS_032",NA,NA,NA,NA,NA,NA,NA,NA,NA
"BFS_039",NA,NA,NA,NA,NA,NA,NA,NA,NA
"BFS_067",NA,NA,NA,NA,NA,NA,NA,NA,NA
"BFS_079",NA,NA,NA,NA,NA,NA,NA,NA,NA
"BFS_081",NA,NA,NA,NA,NA,NA,NA,NA,NA
"BFS_084",NA,NA,NA,NA,NA,NA,NA,NA,NA
"BFS_085",NA,NA,NA,NA,NA,NA,NA,NA,NA
"BFS_089",NA,NA,NA,NA,NA,NA,NA,NA,NA
"BFS_095",NA,NA,NA,NA,NA,NA,NA,NA,NA
"BFS_101",NA,NA,NA,NA,NA,NA,NA,NA,NA
"BFS_103",NA,NA,NA,NA,NA,NA,NA,NA,NA
"BFS_112",NA,NA,NA,NA,NA,NA,NA,NA,NA
"BFS_121",NA,NA,NA,NA,NA,NA,NA,NA,NA
"BFS_124",NA,NA,NA,NA,NA,NA,NA,NA,NA
"BFS_125",NA,NA,NA,NA,NA,NA,NA,NA,NA
"BFS_129",NA,NA,NA,NA,NA,NA,NA,NA,NA
"BFS_140",NA,NA,NA,NA,NA,NA,NA,NA,NA
"BFS_141",NA,NA,NA,NA,NA,NA,NA,NA,NA
"BFS_142",NA,NA,NA,NA,NA,NA,NA,NA,NA
"BFS_143",NA,NA,NA,NA,NA,NA,NA,NA,NA
"BNA_001",NA,NA,NA,NA,NA,NA,NA,NA,NA
"BNA_002",NA,NA,NA,NA,NA,NA,NA,NA,NA
"BNA_003",NA,NA,NA,NA,NA,NA,NA,NA,NA
"BNA_004",NA,NA,NA,NA,NA,NA,NA,NA,NA
"BNA_005",NA,NA,NA,NA,NA,NA,NA,NA,NA
"BNA_006",NA,NA,NA,NA,NA,NA,NA,NA,NA
"BNA_007",NA,NA,NA,NA,NA,NA,NA,NA,NA
"BNA_008",NA,NA,NA,NA,NA,NA,NA,NA,NA
"BNA_009",NA,NA,NA,NA,NA,NA,NA,NA,NA
"BNA_010",NA,NA,NA,NA,NA,NA,NA,NA,NA
"BNA_011",NA,NA,NA,NA,NA,NA,NA,NA,NA
"BNA_012",NA,NA,NA,NA,NA,NA,NA,NA,NA
"BNA_013",NA,NA,NA,NA,NA,NA,NA,NA,NA
"BNA_014",NA,NA,NA,NA,NA,NA,NA,NA,NA
"BNA_015",NA,NA,NA,NA,NA,NA,NA,NA,NA
"BNA_016",NA,NA,NA,NA,NA,NA,NA,NA,NA
"BNA_017",NA,NA,NA,NA,NA,NA,NA,NA,NA
"BNA_018",NA,NA,NA,NA,NA,NA,NA,NA,NA
"BNA_019",NA,NA,NA,NA,NA,NA,NA,NA,NA
"BNA_020",NA,NA,NA,NA,NA,NA,NA,NA,NA
"BNA_021",NA,NA,NA,NA,NA,NA,NA,NA,NA
"BNA_022",NA,NA,NA,NA,NA,NA,NA,NA,NA
"BNA_023",NA,NA,NA,NA,NA,NA,NA,NA,NA
"BNA_024",NA,NA,NA,NA,NA,NA,NA,NA,NA
"BNA_025",NA,NA,NA,NA,NA,NA,NA,NA,NA
"BNA_026",NA,NA,NA,NA,NA,NA,NA,NA,NA
"BRB_189",NA,NA,NA,NA,NA,NA,NA,NA,NA
"BRB_191",1752.6269197292,2083.09835983587,27.2766744689659,45.7307529950216,83.2825466726979,52.2494142211516,243.698280309709,11.5838363023197,75.5253734305608
"BRB_193",NA,NA,NA,NA,NA,NA,NA,NA,NA
"BRB_198",1880.89025961998,2410.58984611779,27.6841374948915,45.2512946732814,83.5658328294994,55.6149539187236,282.536990017313,11.586560735485,76.5283634482518
"BRB_215",2485.46294338468,2415.01787671776,25.9887065421657,40.2509865327127,81.8063940138554,48.2538440300422,276.978895151873,11.5841238324324,77.6712217594662
"BRB_264",2130.14566004168,2844.23779642686,27.7327180606177,40.2128117301013,81.0153651100773,44.1062852918019,330.755171105364,11.583332939539,81.2709749686757
"CAL_096",1849.88765225134,2378.05420479233,27.9935721791473,40.7363738627817,81.1469012555199,66.782806856756,280.540975546886,11.5958266359107,78.1684391488921
"CAL_143",2021.84758406022,2536.96533753494,27.6044627206948,43.3143938419579,82.7463451423263,50.2529654253307,303.48140241272,11.5951878715687,76.2335924433715
"CMB_004",1976.65889164745,2248.55348826026,26.6252755118373,44.4754017270473,82.4948832443831,54.1472791241112,265.469798699453,11.593057470983,78.7989569857754
"CMB_006",1398.08300544045,1534.73449345871,27.211697930372,45.3163654005743,81.7132462840846,47.0422506924682,181.898531999117,11.5891014920907,73.359935941984
"CMB_010",2302.65906843917,2826.72492585887,27.0652397376367,41.5448717068902,81.8481233642283,53.9705348968598,329.136345084362,11.5897408569813,77.1604000608646
"CMB_012",2244.97595720875,2958.48228386192,27.6087318842865,44.0757293088383,83.43031789214,45.2267068980731,345.501601987021,11.5864678555274,72.954558393407
"CMB_014",1796.74586741799,2212.39694221576,27.4966762921694,41.1016112833939,81.8863673977551,49.1252343665486,263.404291462456,11.5905359762722,73.0621568857774
"CMB_016",1757.34887498774,1910.45149561257,26.7449737000901,40.6670713536878,81.0938758382485,57.2748391012357,224.275287017869,11.5847731277576,76.1183561673515
"CMB_018",1816.61148203408,2078.51985265811,27.0408858692073,43.693814898795,82.5778071370459,55.3367888030541,246.482444878566,11.5881007057445,74.433421707404
"CMB_025",2148.21959814173,2716.27111072934,27.1211596046786,40.376442899133,81.3496178544294,54.7029945751296,312.750017250742,11.5905033934333,75.2009773688332
"CMB_036",2191.06186075987,2356.79310801588,26.3980330529109,44.3457825730014,82.6453804791856,55.3759322804518,266.978281962978,11.5897750938291,71.5436965652856
"CMB_043",2149.19969647696,2489.56139702608,26.8351409421516,41.5310188708291,82.2791975109832,53.986831628628,292.772815433296,11.5860878578271,72.7094760522931
"CMB_045",2433.03230736873,2800.37976904532,26.7099956609352,42.2928422775361,82.5718362835622,60.0112843524313,321.318371948928,11.5922657913994,74.6274048284257
"CMB_050",1714.48425722825,1922.79659720473,26.9305714795961,44.4620338404724,83.1644657823049,51.2466970325057,229.773148575595,11.5913111411912,76.9192409894184
"CMB_057",1879.11358047433,2339.01732731922,27.3892903231119,44.0139920422396,83.1465680071069,57.1007306202841,275.123836224741,11.5866864889008,76.3450318083107
"CMB_073",1659.17641163923,1997.88951561082,27.3211691797102,42.6136254296644,80.817315025818,53.0917664972684,240.017769300304,11.5915566179327,73.1821569694291
"CMB_080",2007.15379680471,2318.27280381197,26.8294097806657,41.5407700671471,81.4486081585285,50.1533572845627,273.639124004639,11.5900978269019,74.286727908549
"CMB_095",1987.20411849964,2513.96623775845,27.797396553754,45.170264342943,82.3538783044315,50.0123041797387,294.464249195675,11.5889231233958,72.9147379595725
"CMB_103",1874.24084130191,2164.55219208097,26.820054974638,41.0079582816563,82.0543195037252,54.9716773793064,261.460377518261,11.5940781242224,73.7178110301786
"CMB_105",2263.36061062305,2695.90176433079,26.82245927083,41.5328013483622,81.9712415508371,58.1314729601596,319.750480966773,11.5946508237476,73.8128292033032
"COS_016",2169.79564235799,2677.66093782491,27.8546409577721,40.1334240982519,81.4757878959554,48.746217339128,345.533430324573,11.5793809618491,76.4918944405748
"DAA_001",2183.24279312611,2992.25590934897,27.8096474148432,40.4758764609356,81.6366345694621,52.5557913009451,347.1229403009,11.5917199056566,76.4334753089895
"DAA_002",1803.52144601054,2255.30988259204,27.5669221676476,41.3179686729954,81.2768645779463,61.3738044509458,263.607198676015,11.5895261049897,76.1036228633753
"DAA_003",1801.0002436591,2097.20525380401,26.9946249523914,41.7834502730657,81.279136282351,53.9756585204492,249.649065644637,11.5880771661431,74.8092156555959
"DAA_004",1568.79777110596,1923.72411128166,27.7875644442308,39.9153120082524,81.7045968473029,47.7056746927591,229.09719344739,11.5869910638485,76.773449220024
"DAA_005",1871.70825847487,2478.65056424346,27.7991267633058,39.6244759240934,80.6944067428473,54.1152148242773,287.65891476313,11.5849791998945,74.2480585571379
"DAA_006",2111.80970601597,2368.64640584437,27.126679289057,40.7858758741478,80.8972246955121,49.5701486965924,308.554875019114,11.5887066446043,78.5430977762531
"DAA_007",1892.43262267025,2422.74546724839,27.6098688659441,41.0350713046796,81.1355650118036,50.7208229455166,282.70224524737,11.584854252664,76.5702637371077
"DAA_008",2177.57442961558,2670.20915314168,27.0432530713241,41.8871121474391,80.9245438478583,53.858420747603,313.988589276023,11.5852953183376,75.8353124071335
"DAA_009",2175.35299000421,2829.69440835189,27.3991569069537,39.8257717958726,80.2559708938344,52.9887157996508,327.674030552073,11.5842618947408,77.4984487804258
"DAA_010",2094.39731166499,2773.15271734261,27.7819003620235,39.9264487703394,81.0053181248898,55.928824845094,324.794661868536,11.5895575780033,70.9941796081426
"DAA_011",1747.95026480831,2219.18634831517,27.5680699368865,40.0683857695607,80.3107786209009,52.2682286839482,262.442995842363,11.5854739345274,78.576190092119
"DAA_012",2055.50086965152,2917.22848138127,28.1512487095637,42.9052018222413,82.3026099419809,59.306435166926,338.54255893747,11.5905427819223,73.8326471729461
"DAA_013",2016.48007522208,2463.14315470425,27.3668171799675,39.7041670193456,80.7695851547481,53.1622197155408,286.672492105958,11.5975868855015,77.8115817738837
"DAA_014",2098.43100877609,2607.2074040126,27.1992579812917,38.8489745581475,79.7536353054862,64.4421008520358,307.4961841398,11.5896773386185,79.1823900149981
"DAA_015",2048.96368737406,2712.50498866548,27.7203371886813,39.1794053143788,79.8847404900877,53.148628885173,317.596463733182,11.5898899828704,78.1334147628957
"DAA_016",2090.9759663634,2672.46941135889,27.5481395452128,41.264921830677,81.8989142440481,47.7577304818876,315.802952282655,11.5902995244043,75.1035151943274
"DAA_017",NA,NA,NA,NA,NA,NA,NA,NA,NA
"DAA_018",1936.72401066204,2345.22338712265,27.1850825933488,43.0735081076793,82.4973768981111,56.8477917471072,277.179498990303,11.5880367443353,74.8703731899266
"DAA_019",NA,NA,NA,NA,NA,NA,NA,NA,NA
"DAA_020",NA,NA,NA,NA,NA,NA,NA,NA,NA
"DAA_021",2119.82864466508,2580.9074393392,27.2976633456848,41.9720406020891,81.664592060238,69.4646246829385,301.866795095979,11.5873636939213,75.8055763230557
"DAA_022",NA,NA,NA,NA,NA,NA,NA,NA,NA
"DAA_023",NA,NA,NA,NA,NA,NA,NA,NA,NA
"DAA_024",2094.72171239272,2599.13833854918,27.2627736169942,40.024557146317,80.9613224279233,57.6358024790663,304.127413937246,11.5851210992372,79.878879941845
"DAA_025",NA,NA,NA,NA,NA,NA,NA,NA,NA
"DAA_026",NA,NA,NA,NA,NA,NA,NA,NA,NA
"DAA_027",1880.76458785833,2115.22568388435,26.637284067154,41.8129513990803,82.35710185847,56.1911086706092,246.540497902921,11.5908218675596,74.5857140741849
"DAA_028",NA,NA,NA,NA,NA,NA,NA,NA,NA
"DAA_029",2314.35580692948,2902.55387484793,27.117386830931,42.2108369124748,81.9107789258053,64.6987607821781,336.795198426066,11.5911191752871,76.8937099017176
"DAA_030",NA,NA,NA,NA,NA,NA,NA,NA,NA
"DAA_031",NA,NA,NA,NA,NA,NA,NA,NA,NA
"DAA_032",NA,NA,NA,NA,NA,NA,NA,NA,NA
"DAA_033",NA,NA,NA,NA,NA,NA,NA,NA,NA
"DAA_034",NA,NA,NA,NA,NA,NA,NA,NA,NA
"DAA_035",NA,NA,NA,NA,NA,NA,NA,NA,NA
"DAA_036",NA,NA,NA,NA,NA,NA,NA,NA,NA
"DAA_037",NA,NA,NA,NA,NA,NA,NA,NA,NA
"DAA_038",NA,NA,NA,NA,NA,NA,NA,NA,NA
"DAA_039",NA,NA,NA,NA,NA,NA,NA,NA,NA
"DAA_040",NA,NA,NA,NA,NA,NA,NA,NA,NA
"DAA_041",1998.36108312435,2686.2527455707,27.7760068785643,41.7625876546458,80.868115014243,60.8239420637677,313.378489289736,11.5797973972252,75.7084132662235
"DAA_042",NA,NA,NA,NA,NA,NA,NA,NA,NA
"DAA_043",NA,NA,NA,NA,NA,NA,NA,NA,NA
"DAA_044",2042.22289386287,2779.10398518954,27.8456921079629,39.0614891479423,81.1413543345106,59.6182441660386,327.962293590016,11.5920635031212,78.9211590880921
"DAA_045",1915.88416115491,2566.17135980907,27.8048153017322,39.8372077850301,80.3407456503834,66.4975914820985,298.541623349798,11.5912379988549,77.1497478688122
"DAA_046",NA,NA,NA,NA,NA,NA,NA,NA,NA
"DAA_047",NA,NA,NA,NA,NA,NA,NA,NA,NA
"DAA_048",NA,NA,NA,NA,NA,NA,NA,NA,NA
"DAA_049",2078.45667711541,2769.94787253781,27.7330081173358,40.5764210568924,80.575142470113,55.5715878923046,320.508248776231,11.5831688935579,73.8868147362504
"DAA_050",NA,NA,NA,NA,NA,NA,NA,NA,NA
"DAA_051",2017.80126676134,2579.98467807904,27.3722171218252,39.967340348333,80.4879883465426,64.6660183948238,300.68898966269,11.584633192708,77.1744353177681
"DAA_052",1762.09266076585,2279.40713495545,27.7520900868952,40.7124483956101,81.217663123543,62.2167488484203,269.754621147701,11.5883036039882,76.147699337883
"DAA_053",NA,NA,NA,NA,NA,NA,NA,NA,NA
"DAA_054",NA,NA,NA,NA,NA,NA,NA,NA,NA
"DAA_055",NA,NA,NA,NA,NA,NA,NA,NA,NA
"DAA_056",NA,NA,NA,NA,NA,NA,NA,NA,NA
"DAA_057",NA,NA,NA,NA,NA,NA,NA,NA,NA
"DAA_058",NA,NA,NA,NA,NA,NA,NA,NA,NA
"DAA_059",2105.01776077405,2807.20576450041,27.7306250380469,39.6118071252083,81.1230591659566,54.780419008221,334.623906392678,11.5913986537494,76.6837250420372
"DAA_060",1823.93414837285,2323.08301611765,27.2061767157163,40.1329421055108,81.7117580285533,56.1921978737018,268.550242026648,11.5902092655384,76.8806053904376
"DAA_061",NA,NA,NA,NA,NA,NA,NA,NA,NA
"DAA_062",2300.68836661191,2991.77755768779,27.4768256532954,41.0786201876238,81.2505353559839,66.5916866569773,350.487537577288,11.5899210302433,77.560312730114
"DAA_063",NA,NA,NA,NA,NA,NA,NA,NA,NA
"DAA_064",NA,NA,NA,NA,NA,NA,NA,NA,NA
"DAA_065",2388.79472509207,2927.36594957364,26.9545810291064,39.4193695603287,80.2207293011509,58.2336810393716,340.363141269119,11.5872938989683,80.6963707271217
"DAA_066",NA,NA,NA,NA,NA,NA,NA,NA,NA
"DAA_067",NA,NA,NA,NA,NA,NA,NA,NA,NA
"DAA_068",NA,NA,NA,NA,NA,NA,NA,NA,NA
"DAA_069",NA,NA,NA,NA,NA,NA,NA,NA,NA
"DAA_070",NA,NA,NA,NA,NA,NA,NA,NA,NA
"DAA_071",NA,NA,NA,NA,NA,NA,NA,NA,NA
"DAA_072",NA,NA,NA,NA,NA,NA,NA,NA,NA
"DAA_073",NA,NA,NA,NA,NA,NA,NA,NA,NA
"DAA_074",NA,NA,NA,NA,NA,NA,NA,NA,NA
"DAA_075",NA,NA,NA,NA,NA,NA,NA,NA,NA
"DAA_076",NA,NA,NA,NA,NA,NA,NA,NA,NA
"DAA_077",NA,NA,NA,NA,NA,NA,NA,NA,NA
"DAA_078",2144.66899047092,2927.29702265055,27.7624740254116,41.7861528355764,80.9271970181709,55.8388636672388,338.502748327942,11.5880680855739,78.3879988088951
"DAA_079",NA,NA,NA,NA,NA,NA,NA,NA,NA
"DAA_080",NA,NA,NA,NA,NA,NA,NA,NA,NA
"DAA_081",NA,NA,NA,NA,NA,NA,NA,NA,NA
"DAA_082",NA,NA,NA,NA,NA,NA,NA,NA,NA
"DAA_083",NA,NA,NA,NA,NA,NA,NA,NA,NA
"DAA_084",NA,NA,NA,NA,NA,NA,NA,NA,NA
"DAA_085",NA,NA,NA,NA,NA,NA,NA,NA,NA
"DAA_086",1895.90196696032,2284.20926748317,27.2747620771611,40.2447491285221,80.9986671063373,54.8538126806232,270.362075446291,11.5932659293578,76.174854981682
"DAA_087",NA,NA,NA,NA,NA,NA,NA,NA,NA
"DAA_088",NA,NA,NA,NA,NA,NA,NA,NA,NA
"DAA_089",NA,NA,NA,NA,NA,NA,NA,NA,NA
"DAA_090",NA,NA,NA,NA,NA,NA,NA,NA,NA
"DAA_091",2011.72709180197,2577.65102050192,27.5097691527335,39.628800382407,80.5554847832311,56.0595354757075,300.534760883162,11.585921639849,75.7284688989938
"DAA_092",NA,NA,NA,NA,NA,NA,NA,NA,NA
"DAA_093",NA,NA,NA,NA,NA,NA,NA,NA,NA
"DAA_094",1880.29777721439,2288.92687747551,27.2255002929616,44.0076830917588,82.5389518639907,61.7615383006129,269.32804602552,11.5843855418712,76.5294205348503
"DAA_095",NA,NA,NA,NA,NA,NA,NA,NA,NA
"DAA_096",1970.3608882075,2565.55106832356,27.6653831932439,41.5669609877141,81.8047483595913,57.7120178661935,300.583221061622,11.5857803330126,74.0905066828191
"DAA_097",NA,NA,NA,NA,NA,NA,NA,NA,NA
"DAA_098",1918.82567335764,2291.02294182725,27.1045015148674,40.6496666511461,81.0104020188857,56.372013280362,269.654569061761,11.5903901692965,76.1202019171253
"DAA_099",NA,NA,NA,NA,NA,NA,NA,NA,NA
"DAA_100",1931.04061486658,2430.10159043532,27.4947542619841,40.2235022428561,81.6627307199277,59.6883541235353,288.76059938325,11.5882027416681,75.1975173168297
"DAA_101",NA,NA,NA,NA,NA,NA,NA,NA,NA
"DAA_102",NA,NA,NA,NA,NA,NA,NA,NA,NA
"DAA_103",NA,NA,NA,NA,NA,NA,NA,NA,NA
"DAA_104",NA,NA,NA,NA,NA,NA,NA,NA,NA
"DAA_105",NA,NA,NA,NA,NA,NA,NA,NA,NA
"DAA_106",NA,NA,NA,NA,NA,NA,NA,NA,NA
"DAA_107",NA,NA,NA,NA,NA,NA,NA,NA,NA
"DAA_108",NA,NA,NA,NA,NA,NA,NA,NA,NA
"DAA_109",NA,NA,NA,NA,NA,NA,NA,NA,NA
"DAA_110",NA,NA,NA,NA,NA,NA,NA,NA,NA
"DAA_111",2003.24836236002,2680.45828141914,27.7122434866033,40.7836051922459,80.5747186142973,42.7876259278021,311.641065980232,11.5941885170443,77.1279659419162
"DAA_112",1805.94760575076,1999.59939742865,26.7359059650596,39.8094835084754,81.5533353427946,55.6782346615816,239.16312156558,11.591390495173,71.9615471872992
"DAA_113",2127.42698855715,2514.12508270887,26.9109412371726,45.1176515677723,82.6260237112639,63.6351376777115,294.218293881077,11.5830548207575,74.0299660499292
"DAA_114",1753.50287964659,2342.48274273165,28.1177602162588,45.3989566299259,82.8662287141374,52.9264032996052,276.58257490225,11.5819458681406,73.5757412411112
"DAA_115",1762.27192985582,2175.11267259573,27.3375756130565,44.8451884130104,83.4341929187116,50.0013235919207,256.74405652644,11.573854294178,74.9522618123105
"DAA_116",1733.98637637899,2201.79777513869,27.7675824228788,40.6765335232102,81.6405471116565,51.4440594551495,256.251136623478,11.581097306512,71.4933024384681
"DAA_117",1917.50775479565,2531.85228053225,27.3550928627906,42.0675370186673,82.3007266979107,54.4388586782654,279.058655059465,11.580910533894,75.0371408659234
"DAA_118",1650.55126373644,1958.79775743551,27.475047830254,43.1490274932901,82.4882505752619,54.3353716525909,234.291991436234,11.5854873893669,70.3878465480904
"DAA_119",1529.56906495442,1831.07950209981,27.9785987615198,44.1025359957833,82.9301586161892,53.5480135823155,218.512313285376,11.5878048835356,77.6717817566285
"DAA_120",1678.58342981812,2070.63966533962,27.606035687989,42.7589656248169,80.8483264422566,51.1385468034888,244.72738450812,11.5833377922392,72.6219085193054
"DAA_121",1596.06276084921,2008.28402900507,27.7176961216555,43.7787268907066,82.3113856814611,55.2035886006053,237.060492433154,11.5886217591432,76.9293967000865
"DAA_122",2139.18328383186,2718.42573577994,27.5014580768405,40.0595534715327,82.3813497870679,54.069938276961,321.505037319496,11.5911686544045,74.2067598851176
"DAA_123",2160.70749260161,2724.18857646327,27.1783457116387,40.7305289773891,81.3500122334092,48.6629116037425,310.54171680245,11.5836399020549,79.5141796164061
"DAA_124",2027.48904178517,2432.03877409879,27.1630785979437,42.4377057576302,82.0663996850331,51.3479120486911,288.503707786691,11.5844248254861,76.9089518340208
"DAA_125",1685.44201764879,2048.88468896424,27.4230738206775,40.3619133502092,81.9565304232139,52.1466439382984,245.190798993126,11.5884090380959,77.460967610663
"DAA_126",1909.07513952057,2507.68237852201,27.683317205436,43.2052425837746,82.9379274611777,52.7400452929264,292.498940729295,11.5843840168993,76.9416397495978
"DAA_127",NA,NA,NA,NA,NA,NA,NA,NA,NA
"DAA_128",NA,NA,NA,NA,NA,NA,NA,NA,NA
"DAA_129",NA,NA,NA,NA,NA,NA,NA,NA,NA
"DAA_130",NA,NA,NA,NA,NA,NA,NA,NA,NA
"DAA_131",NA,NA,NA,NA,NA,NA,NA,NA,NA
"DAA_132",NA,NA,NA,NA,NA,NA,NA,NA,NA
"DAA_133",NA,NA,NA,NA,NA,NA,NA,NA,NA
"DAA_134",NA,NA,NA,NA,NA,NA,NA,NA,NA
"DAA_135",NA,NA,NA,NA,NA,NA,NA,NA,NA
"DAA_136",NA,NA,NA,NA,NA,NA,NA,NA,NA
"DAA_137",NA,NA,NA,NA,NA,NA,NA,NA,NA
"DAA_141",NA,NA,NA,NA,NA,NA,NA,NA,NA
"DAA_142",1968.99340496217,2543.51930778947,27.7070549709584,42.7025566869378,82.3358236631725,59.6022021726378,294.2298493313,11.5906031475159,75.571266685071
"DAA_143",NA,NA,NA,NA,NA,NA,NA,NA,NA
"DAA_144",NA,NA,NA,NA,NA,NA,NA,NA,NA
"DAA_145",1908.78177544838,2351.68840959452,28.1152000414283,40.6707687074965,81.2868270415901,56.4993926777645,277.801240533123,11.5711338145638,74.7480175411013
"DAA_146",NA,NA,NA,NA,NA,NA,NA,NA,NA
"DAA_147",NA,NA,NA,NA,NA,NA,NA,NA,NA
"DAA_148",2021.51018461513,2489.26351322489,27.2034600446086,39.8260968554392,80.986466634326,49.6492496549191,287.660998895056,11.5926841501575,75.2487927414567
"DAA_149",NA,NA,NA,NA,NA,NA,NA,NA,NA
"DAA_150",NA,NA,NA,NA,NA,NA,NA,NA,NA
"DAA_151",1894.43933751615,2379.76591886064,27.3436379792468,41.7467840576393,82.0294536483496,51.7822516311515,276.144442054704,11.5892360497816,75.7440324561649
"DAA_152",NA,NA,NA,NA,NA,NA,NA,NA,NA
"DAA_153",2222.00927446011,2770.40429595502,27.6757945833177,42.4312907289736,81.9391100937109,50.4344179867703,319.57672561359,11.5912223327703,77.2370307067683
"DAA_154",2195.41326093303,2946.40749401169,27.651980880222,39.8106333267102,81.7570105113353,52.1301670977381,343.684375792813,11.5860821733514,75.4450501944245
"DAA_155",NA,NA,NA,NA,NA,NA,NA,NA,NA
"DAA_159",1967.91288660356,2546.2721055639,27.4996501008165,41.2718438181535,82.2474215899303,52.8715686539496,290.736853540029,11.5796028912668,76.9304777527831
"DAA_164",2301.22780583696,2583.50155044603,26.5356215728182,40.1005975236987,81.266398136718,59.1043805533076,296.000423988545,11.5900293687161,75.738228570355
"DAA_166",2193.48580612162,2955.97603889012,27.6762722455506,39.6372668124863,80.671466070821,61.97327806062,343.442045445091,11.5934660388425,78.031815329421
"DAA_173",1610.19516234745,1987.21467262779,27.5637502190532,41.5821985105297,80.5908294310367,54.2386522930153,233.848619792831,11.5806209399174,76.1706219288228
"DAA_175",1696.23866786066,2036.13757382509,27.268314931244,40.1740462717398,80.8135952184241,50.2919677805444,240.269294605502,11.5876430445941,73.892066352867
"DAA_178",NA,NA,NA,NA,NA,NA,NA,NA,NA
"DAA_179",NA,NA,NA,NA,NA,NA,NA,NA,NA
"DAA_180",NA,NA,NA,NA,NA,NA,NA,NA,NA
"DAA_181",NA,NA,NA,NA,NA,NA,NA,NA,NA
"DAA_182",NA,NA,NA,NA,NA,NA,NA,NA,NA
"DAA_183",NA,NA,NA,NA,NA,NA,NA,NA,NA
"DAA_184",NA,NA,NA,NA,NA,NA,NA,NA,NA
"DAA_185",NA,NA,NA,NA,NA,NA,NA,NA,NA
"DAA_186",NA,NA,NA,NA,NA,NA,NA,NA,NA
"DAA_187",NA,NA,NA,NA,NA,NA,NA,NA,NA
"DAA_188",NA,NA,NA,NA,NA,NA,NA,NA,NA
"DAA_189",NA,NA,NA,NA,NA,NA,NA,NA,NA
"DAA_190",NA,NA,NA,NA,NA,NA,NA,NA,NA
"DAA_191",NA,NA,NA,NA,NA,NA,NA,NA,NA
"DAA_192",NA,NA,NA,NA,NA,NA,NA,NA,NA
"DAA_193",NA,NA,NA,NA,NA,NA,NA,NA,NA
"DAA_194",NA,NA,NA,NA,NA,NA,NA,NA,NA
"DAA_195",NA,NA,NA,NA,NA,NA,NA,NA,NA
"DAA_196",NA,NA,NA,NA,NA,NA,NA,NA,NA
"DAA_197",NA,NA,NA,NA,NA,NA,NA,NA,NA
"DAA_198",NA,NA,NA,NA,NA,NA,NA,NA,NA
"DAA_199",NA,NA,NA,NA,NA,NA,NA,NA,NA
"DAA_200",NA,NA,NA,NA,NA,NA,NA,NA,NA
"DAA_201",NA,NA,NA,NA,NA,NA,NA,NA,NA
"DAA_203",NA,NA,NA,NA,NA,NA,NA,NA,NA
"DAA_205",NA,NA,NA,NA,NA,NA,NA,NA,NA
"DAA_206",NA,NA,NA,NA,NA,NA,NA,NA,NA
"DAA_207",NA,NA,NA,NA,NA,NA,NA,NA,NA
"DAA_208",NA,NA,NA,NA,NA,NA,NA,NA,NA
"DAA_209",NA,NA,NA,NA,NA,NA,NA,NA,NA
"DAA_210",NA,NA,NA,NA,NA,NA,NA,NA,NA
"DAA_211",NA,NA,NA,NA,NA,NA,NA,NA,NA
"DAA_212",NA,NA,NA,NA,NA,NA,NA,NA,NA
"DAA_213",NA,NA,NA,NA,NA,NA,NA,NA,NA
"DAA_214",NA,NA,NA,NA,NA,NA,NA,NA,NA
"DAA_215",NA,NA,NA,NA,NA,NA,NA,NA,NA
"DAA_216",NA,NA,NA,NA,NA,NA,NA,NA,NA
"DAA_217",NA,NA,NA,NA,NA,NA,NA,NA,NA
"DAA_218",NA,NA,NA,NA,NA,NA,NA,NA,NA
"DAA_221",NA,NA,NA,NA,NA,NA,NA,NA,NA
"DAB_001",NA,NA,NA,NA,NA,NA,NA,NA,NA
"DAB_049",2155.52535087355,3115.15330554864,28.2157098458661,40.2062191227435,81.7089074227209,32.2982618847235,355.357186225531,11.5847776479623,77.6152308890634
"DAB_052",2268.72413588327,2814.59830871493,26.9922811744087,43.1341937183849,82.5043544474101,30.1774304554959,325.639925117343,11.587571964655,76.4503208606147
"DAB_053",1730.44695048129,2041.51390781201,27.3354449333938,44.2047807885659,82.5854466999981,56.0616889011045,244.264633944413,11.5844348609026,76.5009802751759
"DAB_062",1985.31258150157,2527.05194080958,27.450968652225,43.0214433478526,82.3081453560022,52.6506733410542,294.192518460273,11.5871980323668,78.5639833321452
"DAB_064",2132.08061453028,2610.22381398766,27.0999259018564,43.518326767358,83.0233358987098,48.0312946495327,305.065167963888,11.5808437093775,76.0051723120098
"DAB_065",2128.95724376755,2761.25459500704,27.4068102440685,40.4229437752313,81.0353373001116,57.0069000268801,322.045626917976,11.585225021223,75.0348491233529
"DAB_066",2097.64899623963,2564.63026511987,27.115118224205,40.9150470973987,82.1044650663534,57.206103480533,297.381388930813,11.5868554888022,73.6883187468602
"DAB_084",2422.09837366747,2881.18948331354,26.993256281702,41.8510178282417,82.4533826693632,49.8265789565375,333.712596562363,11.5895258181046,78.7884889173478
"DAB_090",2062.71800124095,2971.18210299502,28.3820736802697,40.2923895242875,81.4907812283276,48.3905097529593,344.481566443061,11.5874071747709,77.148710050158
"DAB_096",NA,NA,NA,NA,NA,NA,NA,NA,NA
"DAB_105",2038.57578646255,2844.08058687686,27.9509943090387,41.1327410873167,80.23574587128,46.9948549529648,327.743794510877,11.5871833566786,74.1528476985177
"DAB_106",2004.44048764274,2491.96966997965,27.2744500257101,43.9306973365572,83.1296980599826,49.5126082254192,292.659486909382,11.5866501696052,75.959984873581
"DAB_107",NA,NA,NA,NA,NA,NA,NA,NA,NA
"DAB_109",1929.55029782726,2494.55040422407,27.4886815282888,42.0150312829932,81.6300202116261,51.8984654739785,290.231887215766,11.5925107604232,71.9996751588387
"DAB_150",2075.79092985192,2710.46767103966,27.4831270411474,41.1705814745424,81.8297206616401,43.6625225655763,313.383334548899,11.5841071229537,76.2387161314669
"DAB_158",NA,NA,NA,NA,NA,NA,NA,NA,NA
"DAB_159",NA,NA,NA,NA,NA,NA,NA,NA,NA
"DAB_187",1990.92487683175,2783.64615435059,28.1337231187486,41.7392608014446,81.8402290857753,42.2481622205251,323.314522215799,11.5853907415752,75.4465706465828
"DAB_231",2004.08840728456,2572.63439530717,27.4034208640765,42.5154489854109,82.2957668995911,54.3931530149587,298.690146267624,11.5879197445873,76.8504512591021
"DAB_233",1783.54756122648,2383.48544759909,27.9696093554364,39.8476161227415,80.7581858391372,52.8788988258841,280.086743932774,11.583875494653,77.2857841683918
"DAB_236",1847.05968262774,2531.75430856179,28.2373196615243,39.8066687246785,81.4545282164376,54.435928151659,299.207333096803,11.588978701404,72.983297725724
"DAB_244",1866.28784346632,2365.13751448264,27.5517095647791,43.1608714251793,82.2144084688653,55.8644243201044,276.730887520498,11.5881726319715,75.4380069732433
"DAB_251",2401.86242715288,2918.98157854932,26.7315678545329,42.5660404677962,82.4562086906916,56.5694547613003,338.608113441497,11.5906488247555,74.7806938717915
"DAB_252",2258.27842760291,2982.28588477216,27.4382305332603,40.9018239097418,81.7543431856029,56.9018044243793,340.672797281418,11.5827156913505,74.6027861894956
"DAB_256",1732.00751378276,2078.20897779894,27.4916355076216,41.272994100179,81.3723503028184,55.4615882159352,250.332558109147,11.5918448701203,75.8484194602459
"DAB_258",2094.63384117651,2523.06011658193,26.9207803121607,40.9795049203691,81.6817499626293,54.39152351296,291.551990998976,11.5918187918916,75.4391297447216
"DAB_267",1871.94991860761,1985.63389037954,27.0112469804238,40.4060248904004,81.6061629842969,52.9462609595608,267.831786742175,11.5882423325965,72.8150420052194
"DAB_277",1853.11589043343,2406.28001007496,27.7975997157915,38.9853947938211,80.9493501474701,57.4393877053893,280.509268160945,11.5840338120976,80.5186130731331
"DAB_295",2265.06917764733,2912.33416228992,27.5273711706699,40.7255518239833,81.4169809932048,59.5566207290556,339.447922453318,11.5806323446292,74.1101524715018
"DAB_302",2126.36439411389,2859.47991145332,27.6622706206096,40.0652122441613,81.1219464066349,64.490311798782,331.442317056842,11.5887494494845,74.8751940867273
"DAB_317",1936.44242880009,2561.22293667412,27.7923677687986,40.2914058922506,81.2024625100538,56.3001186262056,298.396663529266,11.58321388811,77.5131944862519
"DAB_344",2085.46895911941,2658.03854644607,27.6305787245962,40.6001543261953,81.1743269165763,52.1340173651636,312.730763208258,11.5898471796194,74.0799538731829
"DAB_353",1731.67007247202,1988.91170326106,26.9584299842652,40.6674801512479,81.3527711557281,49.2123684461117,238.201813066072,11.5839237851783,75.3554521375629
"DAB_366",2635.70285026904,3458.31640676862,27.273453596123,42.3245410240896,81.6609619808263,56.640827458537,394.29756341264,11.5878066318133,76.3393004265718
"DAB_374",1843.50034091506,2357.47838265941,27.6577122296336,43.0564909323901,81.9543166933109,50.9874629910579,277.135894861555,11.5874536308678,70.7837908004708
"DAB_380",2017.26236470249,2428.6527678886,26.9090318553695,40.5460136547932,80.0735585458008,57.3915547269956,285.143438089465,11.578585443697,73.4761107515232
"DAB_384",2072.31967840115,2454.51887570146,27.3950059817274,40.7514778105209,80.7130735536632,51.5146648727427,298.496513065259,11.5868024918407,72.5065601294083
"DAB_396",1962.54272271914,2529.1989792383,27.8742157578591,40.7600178395893,81.5305550683305,48.1378504997668,296.08292998303,11.5959437754084,76.849435392356
"DAB_398",1957.68163949385,2583.76221093018,27.8177813387089,43.7977304585606,81.7861718943178,52.591527211535,302.628520235383,11.5819956040225,74.5544915849049
"DAB_402",1880.61143493457,2491.14498576415,27.8050835408244,41.5502820456435,80.5238918030967,57.967140348375,293.414581579352,11.5881082939281,73.6291791352599
"DAB_441",1951.09748681441,2465.6688157196,27.5422884675371,41.2673375291634,80.313620390132,55.8279487059721,288.981127367143,11.5814042689556,76.4973227469518
"DAB_489",1965.84332554521,2704.25509968652,28.1049075950537,39.3794540489911,79.9445996450547,51.8402768291336,312.991390925639,11.5861872446761,76.9772053758987
"DAB_494",2032.00607132188,2628.41351140136,27.6046420506843,39.3853013738319,80.0450107702319,48.5280376816271,305.317284382298,11.5800803041464,78.9511069129011
"DAB_514",2017.96608406156,2310.79881330847,26.8289665706718,40.8523046054015,81.860158421,57.8124518338194,273.878128608959,11.5871902166108,78.3814752635259
"DAB_520",2103.48181795771,2828.28282111022,27.6328148908929,39.742765666439,80.6541076176165,50.0291810375611,324.197443501375,11.5882850967256,77.7463401405612
"DAB_525",2168.65997428004,2532.14124297528,26.8136305497333,38.4253885314501,80.5444873805542,56.6076162894464,296.144988625025,11.5873926025702,77.5554686680191
"DAB_528",1983.95159418372,2296.79344078801,26.9218623570956,42.0213714143308,81.2164082187143,49.0005646255434,268.152785566706,11.5820440917721,75.1817915100716
"DAB_534",1866.90514603424,2441.94179212487,27.774019996112,41.2487110863601,81.640291992001,60.9054239877339,285.902298448272,11.5957866444947,76.5618782527888
"DAB_541",1779.09187054964,2190.71214445362,27.4380359541127,39.9234798218367,80.3263147600808,52.393037351599,256.793004529208,11.5874625108256,78.8508009153491
"DAB_545",1831.03678431872,2345.84697293837,28.0613892937643,39.2312239408851,80.5342279063768,52.5719293091163,278.378573986034,11.5887607397678,77.5135142484457
"DAB_549",2077.02123422927,2414.04504253314,27.5617520861368,40.1588750280463,81.0588469253704,54.4957587840948,308.472448045814,11.5839260641087,77.7950101856846
"DAB_555",2038.35760999733,2607.69583333912,27.5826173826038,39.1336323705373,80.3104912125692,48.2922172245638,305.676024937528,11.5831615559067,77.5151537310419
"DAB_568",1812.52684499748,2386.84569040639,27.8082559314903,40.5938040112332,81.2213226055021,54.0207903787446,271.873691546184,11.5853665089936,73.703006782687
"DAB_569",2056.12140668519,2592.85866275537,27.4260033131515,43.6786828214676,82.8544561950574,54.7139805087199,307.472944739217,11.5878404143775,72.9369542284945
"DAB_570",1633.69770392021,2051.15119324251,27.7103635157106,41.5532355020997,82.0047614895746,55.8201986198914,241.167161858481,11.5901579549273,71.4631987903788
"DAB_571",2105.76928027205,2826.89539280481,27.6087501962884,45.1665347132887,82.2491204782126,61.0620196089713,327.11951850158,11.5822284195971,71.4017671792256
"DAB_572",1753.69371815363,2363.34474316558,28.0079036458753,44.5774617648982,81.7578026484255,51.7680354892474,276.467714576816,11.5883134079878,76.7359120933262
"DAB_573",2233.7082765199,2884.12261842446,27.4720607512099,40.6985699776162,80.6375944312041,55.4712108141141,335.985792711442,11.5871687807797,77.5872206769903
"DAB_574",2095.29812067877,2948.74721557976,28.1101202359908,43.3149729236581,81.6615987079827,65.3329165278203,343.652436712704,11.5883984033573,76.8306194382364
"DAB_575",1875.25566713216,2366.09896172271,27.4807240843887,42.5832759840897,81.4914957086524,47.1752879957603,275.801157033882,11.5911747303625,75.917437554184
"DAB_576",2463.88511650511,3185.33255472688,27.259176954911,43.1094622968564,82.0144802794366,57.5400116835801,365.497249892304,11.5898305416504,77.3041919195034
"DAB_577",2384.57487329795,3265.58906999865,27.731519783471,40.8842961805709,81.4934677633895,63.8420702863597,379.390943869611,11.5839974534355,77.7473571317031
"DAB_578",1732.24700490096,2219.66100503231,27.8289988117788,41.2196322789548,80.6569753677963,50.7588850273102,263.002840106944,11.589597036168,75.2085461502596
"DAB_579",1895.09067169897,2322.83618724939,27.2520516781478,41.2435149354487,80.7305368306676,61.1911991444966,271.439791977291,11.5873100032213,76.9096655511114
"DAB_580",2204.52158110015,2551.18001521247,27.3139492857687,42.694184495077,81.7957044180981,58.9566124655893,326.550126144584,11.5927109035663,75.3391255980029
"DAB_581",2004.20635004662,2584.18187945226,27.4930875783519,42.8591205483308,81.6794210901257,59.829773610098,300.413326171622,11.5830295801121,75.5820586220133
"DAB_582",NA,NA,NA,NA,NA,NA,NA,NA,NA
"DAB_583",1925.55899409502,2255.13642854257,27.0700634844452,41.2975807278242,81.7105936316901,47.3058081049683,270.103469763202,11.584821086525,76.7092225581285
"DAB_584",1640.21879316315,1863.20034636551,27.0657441146763,44.7162956675435,82.4571959938389,51.3396718970671,221.762451291777,11.5862675593287,72.9587253473831
"DAB_585",1616.70840764913,1847.72365419724,26.9769466100419,42.1899592078518,83.4671992973328,50.0246056131998,220.86698818949,11.5643249341553,72.1968148959033
"DAB_586",1682.98640827044,2176.16821625335,27.8404180583045,42.8553763874126,82.8824744632424,48.3747960319366,252.235975990341,11.586879065251,73.5536379050186
"DAB_587",2099.97364139923,2912.27638118268,27.9898488587179,39.8991826686847,81.3426669125077,53.8805953328016,338.20615872233,11.5842609879637,76.6776634307085
"DAB_588",2118.47103275924,2908.82623097736,27.8240058047739,39.8761808661139,80.9056407299621,44.646129338094,337.237359431433,11.5864523232034,74.3100386277006
"DAB_589",1997.18536158496,2451.79498004001,27.2947616158836,39.6660363926803,80.3027369922313,56.324754771151,288.330575977973,11.5888619431276,72.5129532926
"DAB_590",NA,NA,NA,NA,NA,NA,NA,NA,NA
"DAB_591",2394.361008772,2733.63117846624,27.195545186344,40.7185353531359,80.393596065823,55.61609703169,351.238086070712,11.5922501263935,75.8706270670523
"DAB_592",1756.46764369979,2079.80846723605,27.3793824144689,40.6589358674167,81.8695498232115,52.4304747817728,248.025582003343,11.591752807883,76.3122245020703
"DAB_593",1974.09478102813,2254.15611863188,27.0001910192036,40.3183888497298,80.9387346555729,50.5850659544658,270.696525416447,11.5866644910613,77.2169783928243
"DAB_594",2124.90618048942,2511.59389538767,27.0188212220724,39.0866377430992,80.8037442337418,56.4493295414917,294.133317809294,11.5824941312076,77.1056747152644
"DAB_596",2286.79381773449,2900.46449576614,27.1271624877305,39.9428039293582,81.1268460053228,54.7872075665354,335.551382687176,11.5861597358188,76.0607463461293
"DAB_597",1833.77261949877,2341.71186325536,27.6697853236203,40.5291947599464,80.7206097699609,55.6241141493823,274.659324667103,11.5818568071187,74.7760793751552
"DAB_598",2037.64111577724,2540.1145783954,27.269279086729,39.8685693433609,81.0464576673314,51.905547421253,297.707143494614,11.5885382860771,76.6422362989421
"DAB_600",1802.66649760274,2079.35951757614,27.0822402483768,41.8310410264766,81.5704886358053,60.9628868327087,243.272529938617,11.5839315663319,74.6335071075276
"DAB_602",1758.47512099236,2387.05354324944,28.278703986322,44.614096820722,82.0553195496432,55.0276878491846,275.959484301981,11.5919415714631,69.9389778043681
"DAB_603",1639.66732865098,2240.88389634974,28.2881394266628,42.7915695027067,82.3837307615254,48.8227714014277,260.176596588005,11.5886088043827,70.5592139510329
"DAB_604",1920.77867988092,2651.51539238824,28.1079670805958,41.5432957555663,82.6349319920294,58.3488186957989,303.920106026848,11.587233670545,75.6593192195328
"DAB_605",2013.14477467602,2690.22873759613,27.6872123490646,40.7598306806003,81.0484996102531,54.8878414971023,312.864940173597,11.582618133136,71.738183231616
"DAB_606",1952.63001336023,2650.74235311408,27.8277609178684,41.4435861536592,82.3149916074667,47.1061895739358,308.798984334864,11.5880191867681,76.6025017659679
"DAB_607",1843.8047466075,2293.70051862018,27.5378571163321,44.0513452286411,82.7270985493571,57.7558841345114,271.874288603697,11.5867269910783,76.7873172361826
"DAB_608",NA,NA,NA,NA,NA,NA,NA,NA,NA
"DAB_609",1922.83315665308,2403.46355732182,27.4856390843552,40.5627035474075,82.3693493704623,48.6122885771305,281.363699918363,11.5908871923425,76.5661065404303
"DAB_610",1881.3570181234,2372.69308518625,27.5811311435854,44.7313457507171,82.9039522809596,47.0871470255154,279.745276802161,11.5839710703682,75.6992861981671
"DAB_611",NA,NA,NA,NA,NA,NA,NA,NA,NA
"DAB_612",1620.84522890629,1827.32175171645,27.037808033763,41.626530008768,82.4567660907744,52.1950631504857,217.610047113723,11.5864914469453,72.5050692678687
"DAB_613",NA,NA,NA,NA,NA,NA,NA,NA,NA
"DAB_614",1996.22490078102,2538.76572302234,27.421354585644,39.3850374339318,80.0544011777383,52.1298673388036,296.143682389906,11.5999236145893,78.8424589127455
"DAB_615",2051.90731499167,2779.63608288993,27.7947545157645,39.9390159232264,80.6156756896426,52.6349231044408,322.882808074836,11.5846809969401,79.4228233613638
"DAB_616",2212.59231442252,2769.29523335053,27.026848769833,42.299846102645,83.5896232706254,47.0082986262304,312.430415225594,11.5828377206229,75.9932294817573
"DAB_617",2235.07147273205,2762.35330594272,27.0500808327595,40.2744965741143,80.6907170203001,53.4146177495889,322.089418765476,11.5873786069121,73.1254314246015
"DAB_618",NA,NA,NA,NA,NA,NA,NA,NA,NA
"DAB_619",2002.41842790084,2489.92676336768,27.3579849410058,40.5323693687545,80.9265035804494,53.1425111165657,290.441526917371,11.5935471930418,73.9510270023152
"DAB_620",NA,NA,NA,NA,NA,NA,NA,NA,NA
"DAB_621",2183.81314169767,2535.64537204871,26.6244699440425,40.0729324228709,80.4141826746967,55.0012533414608,294.094415571651,11.5805554740771,75.7498047911628
"DAB_622",2217.92131654587,2655.94153043761,27.0802414577195,39.8539091635136,81.0951093914894,55.1561486680238,313.640167456511,11.5859110680705,76.2109033894039
"DAB_623",NA,NA,NA,NA,NA,NA,NA,NA,NA
"DAB_624",2312.10910792291,2564.8545985981,26.4498782128858,40.9496757545264,80.5225411249757,51.9056622488625,300.910425632077,11.5895962986619,74.5172837772827
"DAB_625",2516.07185602475,2671.89877408966,25.9890047014051,39.0315912357477,80.4595350280565,54.3423570582675,312.094737317278,11.5841473539419,76.8757735860176
"DAB_626",NA,NA,NA,NA,NA,NA,NA,NA,NA
"DAB_627",NA,NA,NA,NA,NA,NA,NA,NA,NA
"DAB_628",2085.04614193721,2750.28016405527,27.5331377317046,40.1901551335037,80.6597398270573,53.8283522651807,317.568339832869,11.5802932042778,77.3173151967304
"DAB_629",1723.07893345001,2281.43867314802,28.0555169322166,40.9010279694469,80.7855180381059,52.3840263595718,270.549448782282,11.5840637214785,75.3045793020068
"DAB_630",2062.81390788101,2639.26688994227,27.3584708252123,39.9284858283303,80.3054478503043,55.0657986854471,309.003174618243,11.5905108796966,76.1629756313595
"DAB_631",NA,NA,NA,NA,NA,NA,NA,NA,NA
"DAB_633",1971.87071747867,2474.23027898657,27.2288433287342,39.9999108986143,80.8490360768711,45.590352127564,288.14165961539,11.5847304349227,74.7209654086208
"DAB_634",NA,NA,NA,NA,NA,NA,NA,NA,NA
"DAB_635",NA,NA,NA,NA,NA,NA,NA,NA,NA
"DAB_636",NA,NA,NA,NA,NA,NA,NA,NA,NA
"DAB_637",NA,NA,NA,NA,NA,NA,NA,NA,NA
"DAB_638",NA,NA,NA,NA,NA,NA,NA,NA,NA
"DAB_639",NA,NA,NA,NA,NA,NA,NA,NA,NA
"DAB_640",NA,NA,NA,NA,NA,NA,NA,NA,NA
"DAB_641",NA,NA,NA,NA,NA,NA,NA,NA,NA
"DAB_642",NA,NA,NA,NA,NA,NA,NA,NA,NA
"DAB_643",NA,NA,NA,NA,NA,NA,NA,NA,NA
"DAB_644",NA,NA,NA,NA,NA,NA,NA,NA,NA
"DAB_645",NA,NA,NA,NA,NA,NA,NA,NA,NA
"DAB_646",NA,NA,NA,NA,NA,NA,NA,NA,NA
"DAB_647",NA,NA,NA,NA,NA,NA,NA,NA,NA
"DAB_648",NA,NA,NA,NA,NA,NA,NA,NA,NA
"DAB_649",NA,NA,NA,NA,NA,NA,NA,NA,NA
"DAB_650",NA,NA,NA,NA,NA,NA,NA,NA,NA
"DAB_651",NA,NA,NA,NA,NA,NA,NA,NA,NA
"DAB_652",NA,NA,NA,NA,NA,NA,NA,NA,NA
"DAB_653",NA,NA,NA,NA,NA,NA,NA,NA,NA
"DAB_654",NA,NA,NA,NA,NA,NA,NA,NA,NA
"DAB_655",NA,NA,NA,NA,NA,NA,NA,NA,NA
"DAB_656",NA,NA,NA,NA,NA,NA,NA,NA,NA
"DAB_657",NA,NA,NA,NA,NA,NA,NA,NA,NA
"DAB_658",NA,NA,NA,NA,NA,NA,NA,NA,NA
"DAB_659",NA,NA,NA,NA,NA,NA,NA,NA,NA
"DAB_660",NA,NA,NA,NA,NA,NA,NA,NA,NA
"DAB_661",NA,NA,NA,NA,NA,NA,NA,NA,NA
"DAB_662",NA,NA,NA,NA,NA,NA,NA,NA,NA
"DAB_663",NA,NA,NA,NA,NA,NA,NA,NA,NA
"DAB_664",NA,NA,NA,NA,NA,NA,NA,NA,NA
"DAB_665",NA,NA,NA,NA,NA,NA,NA,NA,NA
"DAB_666",NA,NA,NA,NA,NA,NA,NA,NA,NA
"DAB_667",NA,NA,NA,NA,NA,NA,NA,NA,NA
"DAB_668",NA,NA,NA,NA,NA,NA,NA,NA,NA
"DAB_669",NA,NA,NA,NA,NA,NA,NA,NA,NA
"DAB_670",NA,NA,NA,NA,NA,NA,NA,NA,NA
"DAB_671",NA,NA,NA,NA,NA,NA,NA,NA,NA
"DAB_672",NA,NA,NA,NA,NA,NA,NA,NA,NA
"DAB_673",NA,NA,NA,NA,NA,NA,NA,NA,NA
"DAB_674",NA,NA,NA,NA,NA,NA,NA,NA,NA
"DAB_675",NA,NA,NA,NA,NA,NA,NA,NA,NA
"DAB_676",NA,NA,NA,NA,NA,NA,NA,NA,NA
"DAB_677",NA,NA,NA,NA,NA,NA,NA,NA,NA
"DAB_678",NA,NA,NA,NA,NA,NA,NA,NA,NA
"DAB_679",NA,NA,NA,NA,NA,NA,NA,NA,NA
"DAB_680",NA,NA,NA,NA,NA,NA,NA,NA,NA
"DAB_681",NA,NA,NA,NA,NA,NA,NA,NA,NA
"DAB_682",NA,NA,NA,NA,NA,NA,NA,NA,NA
"DAB_683",NA,NA,NA,NA,NA,NA,NA,NA,NA
"DAB_684",NA,NA,NA,NA,NA,NA,NA,NA,NA
"DAB_685",NA,NA,NA,NA,NA,NA,NA,NA,NA
"DAB_686",NA,NA,NA,NA,NA,NA,NA,NA,NA
"DAB_687",NA,NA,NA,NA,NA,NA,NA,NA,NA
"DAB_900",1926.80874092835,2333.69005745525,27.2329832191647,40.6117288528074,80.7281437675419,53.2966113361589,275.655207592497,11.5891253176933,76.3681463860829
"DAB_901",1598.57190019647,1940.07140687636,27.6262485424319,42.3823005994811,82.0372220235508,49.2925615466993,229.118114001991,11.5874887049335,74.9700639394317
"DAB_902",1990.83104738304,2594.80505090626,27.7082346749201,42.2035854222534,80.8841040631225,52.6856608573835,305.238389579741,11.5872229943866,74.4543642320027
"DAB_903",1999.29030056985,2466.8718652672,27.1811124905474,39.4636170642241,80.8145974841751,54.4501427210674,286.201490556335,11.5823289311893,76.3725350981468
"DAB_904",1907.4730292399,2279.66302341761,27.0756136591421,38.3523053405688,80.688498143761,51.6171783045679,267.368594911182,11.5879641090316,78.1093237502006
"DAB_905",1708.0298917958,2061.75247004071,27.38592207337,39.4020290018523,80.6190509306747,44.6490739662972,246.709445908265,11.580752898557,76.3519509332005
"DAB_906",2131.28219993784,2529.86910179383,26.8970864176882,39.4286178916904,80.8280611747396,51.9529351167122,295.52794270124,11.5840341679952,78.783177535666
"DAB_907",NA,NA,NA,NA,NA,NA,NA,NA,NA
"DAB_908",NA,NA,NA,NA,NA,NA,NA,NA,NA
"DAB_909",1937.14384131569,2435.03377185808,27.4049238262317,39.5428365891127,80.8782274955532,51.2519666728434,284.629078892668,11.5871930412208,76.5747524475707
"DAB_910",1946.00721368394,2255.31144453705,26.8012688445311,43.3756826822397,82.0520830652635,50.5180353606865,267.631843734868,11.5950480624563,85.6080886645518
"DAB_911",NA,NA,NA,NA,NA,NA,NA,NA,NA
"DAB_912",1809.70441834418,2295.31852792028,27.7858808324993,40.9851647284542,81.9498706471247,50.1621099289618,269.739492513627,11.5848536333739,74.9103033213206
"DAB_913",1803.25171335916,2047.24103758043,26.739056432022,39.9663931596426,81.3136356483931,44.7886438099831,240.432231915228,11.5738765124218,77.6852402299396
"DAB_914",1975.19195374466,2391.8707627794,27.1454320083069,42.2380499002272,82.3099076295292,53.7970242941384,282.224376437245,11.5876557243911,76.5676333823527
"DAB_915",1862.43665961787,2288.92387574943,27.2823881370503,40.1228440455587,81.1258408979618,50.8865421305233,266.698243694513,11.5927301765287,73.8710998318344
"DAB_916",1763.12889091847,2185.52932773007,27.4487829334033,39.9076170670297,80.7884628381751,55.8247259535339,260.682975540938,11.5805932472967,73.8965838104949
"DAB_917",1959.36543707262,2552.40530403749,27.5678226706354,39.7402748291562,80.5447272244257,55.4737064626638,296.636385531908,11.5806614067169,72.478995571401
"DAB_918",NA,NA,NA,NA,NA,NA,NA,NA,NA
"DAB_919",1728.14747314857,2084.75156203977,26.9753873488406,42.9482251572481,82.3470406093776,48.343863083898,248.191786782285,11.5653047613229,76.9778377480447
"DAB_920",1761.80581078919,2056.91533709649,27.1126107729208,40.1044943254894,81.20227161437,50.4388212488981,243.040683614258,11.5841560106409,75.3005045104473
"DAB_921",1863.90996191351,2069.62215347098,27.5411578413362,40.58092420476,81.7257800453138,45.9967238907146,270.451824505536,11.589257943944,77.488353953242
"DAB_922",NA,NA,NA,NA,NA,NA,NA,NA,NA
"DAB_923",1805.31414206468,2362.46962548473,28.012883080709,40.1914941008231,81.5743841805977,44.6433438390062,277.905353056453,11.5842004974657,79.2176100186623
"DAB_924",2012.07214027661,2879.71987938717,28.2003827986267,41.0409868546564,81.4701698417163,52.1026982392467,331.622772275252,11.5812834504977,80.1772424849917
"DAB_925",2181.46350241818,2825.76347933139,27.4389100500784,39.04952308197,80.0573413068561,52.9913957928919,329.409380473328,11.5831938283622,76.9807768569351
"DAB_926",1594.18858295313,2075.98576321132,27.9026095923339,40.9376392272246,81.165086967503,51.485082220392,243.129549803065,11.5863251740835,73.6192286141271
"DAB_927",1728.35401425534,2092.64755856217,27.5289493786865,40.5200416034501,81.2704045373157,46.3325025698527,245.406566160595,11.5849786410413,72.685432166805
"DAB_928",1677.2186649366,2275.44007574426,28.2155128390894,39.5383639613976,80.9833254166525,49.9225764809529,268.272815428286,11.5948970992824,82.7747167350688
"DAB_929",2081.73071534484,2563.94988949508,27.2319341162186,39.652483931591,80.2787248903163,51.3636869489831,297.954401119294,11.5814288073336,73.8553182677978
"DAB_930",1809.35587498088,2310.77205982928,27.6264316570251,39.3336517826474,80.3639630172129,59.5429875371241,270.215779741282,11.587950211679,76.0411927452522
"DAB_931",NA,NA,NA,NA,NA,NA,NA,NA,NA
"DAB_932",1727.30445128467,1964.91222944583,26.9430401294827,39.6636791922037,80.782555099659,55.7288518600506,232.244697024581,11.5783923177351,75.9115867457441
"DAB_933",1661.57508512342,2060.80317293958,27.5091549670096,39.806348961594,81.1679071789555,54.7451559956485,241.134316589016,11.5894646570657,75.9334157466321
"DAB_934",1741.29618286578,2203.52359872842,27.5425958554537,40.1238110105974,80.9566771437457,44.381404101259,257.717539401197,11.5816356355627,73.8379533579408
"DAB_935",NA,NA,NA,NA,NA,NA,NA,NA,NA
"DAB_936",1698.04255364756,1998.71376981971,27.3190147973844,39.9865498014947,80.8184309391705,46.9855726367504,236.32156806485,11.5846509408876,71.304678757667
"DAB_937",1721.88800126583,2381.27671676647,28.2981196402385,39.0743052851883,80.5862419328201,53.0531264224161,278.658453803364,11.5848657966383,78.6614862267142
"DAB_938",1781.86947764634,2446.21008951686,28.4172184130302,39.7265748099361,81.3541572474079,53.2259275467804,289.316611763516,11.5841752415136,78.5358730851392
"DAB_939",1867.02399415023,2443.71374770022,27.7793934077072,39.6704143632624,81.0869807715612,54.3469578269525,285.551186114167,11.5875099896446,73.7964028155571
"DAB_940",2037.13572420032,2597.54872964978,27.5216000105583,39.2563923292759,81.2786387433154,54.4817379233758,307.858906318388,11.5862800482845,78.5560894561442
"DAB_942",2005.85157879608,2549.73747311539,27.4927227057331,40.1587658242425,80.441622427433,54.6531539755835,296.945073168773,11.5879628608969,79.7107211196556
"DAD_019",NA,NA,NA,NA,NA,NA,NA,NA,NA
"DAD_036",1490.02884043015,1699.79704507443,27.3530390877959,40.4937619427062,81.9742320451653,44.5449771769929,203.346849623808,11.5880953147417,67.851874331251
"DAD_044",NA,NA,NA,NA,NA,NA,NA,NA,NA
"DAD_587",NA,NA,NA,NA,NA,NA,NA,NA,NA
"DAN_001",1721.63184801524,2083.03324278076,27.5646095548817,42.2885823926043,81.5968893315167,51.5535734483846,246.020128005741,11.5925684971319,75.2899100510667
"DAN_002",1758.88809759206,2130.55075052604,27.4998612119812,40.8024510068102,80.4174455458688,57.3316581674942,255.409989865776,11.5920311649046,73.6296386220056
"DAN_003",1614.81161267669,1878.34164026658,27.2472471410827,41.4072120263675,81.1897268643359,57.6223440889748,226.863765500233,11.5763188025155,74.4674544476116
"DAN_004",1848.57554287375,2302.90120251976,27.5060076952574,44.0578925138738,82.7753468983456,61.4227273603652,268.670431248784,11.5847032689191,77.9341144163921
"DAN_005",1911.61737220597,2374.72665457524,27.3801984891269,42.3067849853492,82.1336002502295,66.3557021554522,279.322828305832,11.5830674540456,76.9739964808052
"DAN_006",1726.80968596759,2084.12105961443,27.3674617424468,39.4109566526043,80.7169764537473,54.802336790315,249.274192792781,11.5842199979073,73.904009776456
"DAN_007",1746.29915609148,2182.07264597593,27.7335776184459,40.0864933503147,80.7437656164803,57.5266232318095,257.43726735854,11.5916053425524,74.5413924637643
"DAN_008",1899.9818917497,2531.18765031916,27.9654739063648,43.8605013172565,82.478416080092,50.2635714027052,297.977742018723,11.5915360949557,70.2491347792202
"DAN_009",1914.58562153117,2340.67094280958,27.2047044256327,40.7426419397424,82.1275964899247,53.8998400588491,277.043402359501,11.5902022581681,73.8307270041428
"DAN_010",1607.45464894685,1954.88706947365,27.5100637348488,41.3537254058949,82.4478415104985,48.3723796998463,233.937253639934,11.5815589862127,74.6009060475655
"DAN_011",2159.75072576382,3107.5331583758,27.8307836728542,42.1799469413262,82.4213261471018,56.8567104080663,354.628127561671,11.5858346094994,77.7585387572028
"DAN_012",2283.26423925769,3157.38975319358,27.7304160418663,44.6493960543616,83.7975975782161,55.128204568614,360.603039123375,11.5882395141054,76.736637273734
"DAN_013",1584.51834745789,1796.84561625073,27.0316946036121,42.0626458846639,82.1935957621408,58.0493687117368,214.414862905472,11.5871213174332,74.2669640579725
"DAN_014",1630.91860353112,1751.41304594004,28.0289253218448,40.6099851652405,82.0189572959446,52.9321382063155,249.158281927886,11.574937202718,74.7725702939557
"DAN_015",1862.74522551098,2082.53879722917,27.8489096806733,42.5310497949009,82.2500563445685,57.5950485132299,282.181509092445,11.5855751904676,73.3763315140069
"DAN_016",1657.64082599998,1880.387037175,26.7714011376314,42.7529299780155,81.4423114210884,59.6353966931245,220.686780657199,11.5716572381974,75.8153691052356
"DAN_017",1889.3834685742,2179.86241396538,28.0807399599422,40.4060857816121,81.4431873578291,56.5874755363606,303.9392532353,11.5917815498412,76.6236392339655
"DAN_018",1625.47962863254,1954.05618910543,27.4638314115927,43.1723522242409,82.9544998098059,58.760830774333,231.800933071564,11.5796085812433,73.0730545475758
"DAN_019",1817.24151389562,2021.85949946918,27.1104222581695,40.3801206293608,81.1174366139736,53.9943777976142,241.435272181904,11.5887996336183,74.5244883830523
"DAN_020",1782.96389701067,1926.28339411157,26.8888955079856,43.0079641060476,82.8885842968396,54.9335244164634,231.113476540313,11.587233939004,73.2165683914305
"DAN_021",1779.3855496908,2168.65290593113,27.3834334807187,42.6001033767049,82.0934567174339,59.3298709476382,259.734243731345,11.5899882165438,74.4709631305698
"DAN_022",1978.66537672918,2272.82676834991,27.2523440271313,40.3799020169764,82.0921159629099,57.7148146879716,290.849586651646,11.5843557993585,74.5373360281613
"DAN_023",1770.48283896623,2074.11486564761,27.3627310535972,40.2729401424772,80.6512957099467,54.4828135115078,260.013342172368,11.5897659816931,75.2374938177821
"DAN_024",1937.7154092745,2511.70468190671,27.5403979251303,40.2401672194243,81.634359995787,61.1911174682478,294.490620606443,11.5868199976249,78.020336343158
"DAN_025",1783.45245096833,2224.10945560939,27.3932154898679,43.4543574803325,82.4127749053881,58.087780338225,258.091201759156,11.5822130399482,70.6007848134606
"DAN_027",2099.41523319929,2530.69260461597,27.0350310760254,40.0564716673193,81.480844057976,58.9820147503784,295.168366468858,11.5939547995589,74.4773842398571
"DAN_028",1746.41638960435,2106.53336611077,27.3569541958024,40.0601538776795,82.0883490809777,47.5047622011044,246.492497227079,11.5908945804157,72.6531748943403
"DAN_029",1953.38630595053,2396.13763846725,27.2900492387893,39.8263190238928,81.2663251834499,57.4546909716876,281.221776690411,11.5867934658953,79.1468862280005
"DAN_030",1797.35496111658,2412.65887853626,28.0927887594128,40.7976425260162,80.8014223670423,46.6786022954,284.188692033499,11.5929829572099,78.5682366241527
"DAN_031",1817.88575568641,2383.17679365325,27.7671733904015,39.2804010493544,80.3559911273315,56.5523193922139,279.169567981186,11.5867177061422,75.3536154430194
"DAN_032",1293.47192357653,1458.17323136529,27.4087883054963,40.179680694387,80.7982107516425,64.478630217005,174.870045029241,11.5772302742742,79.0924525572738
"DAN_033",2206.22727292122,2288.14430430113,26.2739813272038,39.7249755772569,81.0632089943626,60.8165525098019,273.375823622141,11.5839498041388,77.6678303058721
"DAN_034",NA,NA,NA,NA,NA,NA,NA,NA,NA
"DAN_035",NA,NA,NA,NA,NA,NA,NA,NA,NA
"DAN_036",NA,NA,NA,NA,NA,NA,NA,NA,NA
"DAN_037",1750.13998860708,2137.51134829887,27.378270293368,42.7087352441145,81.5062284015965,56.0424193345631,249.313231257029,11.5849670277946,73.5596614617842
"DAN_038",NA,NA,NA,NA,NA,NA,NA,NA,NA
"DAN_039",NA,NA,NA,NA,NA,NA,NA,NA,NA
"DAN_040",NA,NA,NA,NA,NA,NA,NA,NA,NA
"DAN_041",NA,NA,NA,NA,NA,NA,NA,NA,NA
"DAN_042",NA,NA,NA,NA,NA,NA,NA,NA,NA
"DAN_043",NA,NA,NA,NA,NA,NA,NA,NA,NA
"DAN_044",NA,NA,NA,NA,NA,NA,NA,NA,NA
"DAN_045",NA,NA,NA,NA,NA,NA,NA,NA,NA
"DAN_046",NA,NA,NA,NA,NA,NA,NA,NA,NA
"DAN_047",2122.11913400253,2434.98842416192,26.4463887692663,39.7861698533938,81.0104538085267,52.0575111849156,266.743226125909,11.592355765456,76.1748972315242
"DAN_048",NA,NA,NA,NA,NA,NA,NA,NA,NA
"DAN_049",NA,NA,NA,NA,NA,NA,NA,NA,NA
"DAN_050",NA,NA,NA,NA,NA,NA,NA,NA,NA
"DAN_051",NA,NA,NA,NA,NA,NA,NA,NA,NA
"DAN_052",NA,NA,NA,NA,NA,NA,NA,NA,NA
"DAN_053",NA,NA,NA,NA,NA,NA,NA,NA,NA
"DAN_054",1815.39802127826,2137.31793899139,27.1731490097401,40.7730803255797,82.1281477397181,54.1522523660057,251.872939617915,11.5921550287744,76.7586990866865
"DAN_056",NA,NA,NA,NA,NA,NA,NA,NA,NA
"DAN_057",NA,NA,NA,NA,NA,NA,NA,NA,NA
"DAN_058",NA,NA,NA,NA,NA,NA,NA,NA,NA
"DAN_059",2170.49873107732,2831.12292359146,27.435152479681,41.471384307988,81.6608723611698,58.6957937874786,328.90194463127,11.5880377341588,77.3451919376745
"DAN_060",NA,NA,NA,NA,NA,NA,NA,NA,NA
"DAN_061",NA,NA,NA,NA,NA,NA,NA,NA,NA
"DAN_062",NA,NA,NA,NA,NA,NA,NA,NA,NA
"DAN_063",NA,NA,NA,NA,NA,NA,NA,NA,NA
"DAN_064",NA,NA,NA,NA,NA,NA,NA,NA,NA
"DAN_065",NA,NA,NA,NA,NA,NA,NA,NA,NA
"DAN_066",NA,NA,NA,NA,NA,NA,NA,NA,NA
"DAN_067",NA,NA,NA,NA,NA,NA,NA,NA,NA
"DAN_068",NA,NA,NA,NA,NA,NA,NA,NA,NA
"DAN_070",NA,NA,NA,NA,NA,NA,NA,NA,NA
"DAZ_001",NA,NA,NA,NA,NA,NA,NA,NA,NA
"DAZ_002",NA,NA,NA,NA,NA,NA,NA,NA,NA
"DAZ_003",NA,NA,NA,NA,NA,NA,NA,NA,NA
"DAZ_004",1818.93086716536,2336.87427724148,27.766287248687,41.5847280940146,81.4255073609814,54.0918016481253,276.089750873764,11.5881954391581,74.3402292949445
"DAZ_005",2213.74969796367,2965.36204849076,27.6644076725782,40.2378902277335,80.9554441477997,56.0381321090899,344.420359820003,11.5818692719769,80.6448923282613
"DAZ_006",NA,NA,NA,NA,NA,NA,NA,NA,NA
"DIACOL_CALIMA",1927.23863443622,2395.58971608087,27.3026802302821,40.2779317199841,80.6029845408506,60.3661079383089,278.696945706697,11.5834974040415,78.9234297218252
"DICTA_17",NA,NA,NA,NA,NA,NA,NA,NA,NA
"DOR_364",2354.37724287619,3505.04134233635,28.6549468698875,43.764317444276,81.8184024212327,28.7949535379241,407.097897671207,11.6082659341077,77.3984413788958
"DOR_390",2237.2776940356,3316.77518217798,28.3762662248933,45.5332329603102,83.4203307014351,27.4660224720375,379.85714889975,11.5811243027944,76.9685695991051
"DOR_500",NA,NA,NA,NA,NA,NA,NA,NA,NA
"DRK_149",1998.38672920418,2511.23025915462,27.4622571574524,41.28902743526,81.8459146097564,58.0903580982961,295.111704525322,11.5858992712207,75.3053682106498
"G122",NA,NA,NA,NA,NA,NA,NA,NA,NA
"G19833",NA,NA,NA,NA,NA,NA,NA,NA,NA
"G4494",NA,NA,NA,NA,NA,NA,NA,NA,NA
"G4523",2203.94897806782,2881.80141162452,27.4806567875715,40.3291256284171,81.1087214603868,47.5592421821167,332.128069928492,11.5890727012286,75.4392887740845
"GGB_001",NA,NA,NA,NA,NA,NA,NA,NA,NA
"GGB_002",NA,NA,NA,NA,NA,NA,NA,NA,NA
"GGB_004",NA,NA,NA,NA,NA,NA,NA,NA,NA
"GGB_006",NA,NA,NA,NA,NA,NA,NA,NA,NA
"GGB_007",NA,NA,NA,NA,NA,NA,NA,NA,NA
"GGB_008",NA,NA,NA,NA,NA,NA,NA,NA,NA
"GGB_009",NA,NA,NA,NA,NA,NA,NA,NA,NA
"GGR_001",NA,NA,NA,NA,NA,NA,NA,NA,NA
"GGR_005",NA,NA,NA,NA,NA,NA,NA,NA,NA
"GGR_008",NA,NA,NA,NA,NA,NA,NA,NA,NA
"GGR_011",NA,NA,NA,NA,NA,NA,NA,NA,NA
"GGR_012",NA,NA,NA,NA,NA,NA,NA,NA,NA
"GGR_014",NA,NA,NA,NA,NA,NA,NA,NA,NA
"GGR_016",NA,NA,NA,NA,NA,NA,NA,NA,NA
"GGR_018",NA,NA,NA,NA,NA,NA,NA,NA,NA
"GGR_021",NA,NA,NA,NA,NA,NA,NA,NA,NA
"GGR_023",NA,NA,NA,NA,NA,NA,NA,NA,NA
"GGR_025",NA,NA,NA,NA,NA,NA,NA,NA,NA
"GGR_026",NA,NA,NA,NA,NA,NA,NA,NA,NA
"GGR_029",NA,NA,NA,NA,NA,NA,NA,NA,NA
"GGR_030",NA,NA,NA,NA,NA,NA,NA,NA,NA
"ICA_CALIMA",1716.64841978247,2016.35318985713,28.0669697028876,39.9441932229431,81.0431672522763,58.8522332399273,262.231672087613,11.5846184441077,78.7919372859307
"INB_820",NA,NA,NA,NA,NA,NA,NA,NA,NA
"INB_834",NA,NA,NA,NA,NA,NA,NA,NA,NA
"INB_835",NA,NA,NA,NA,NA,NA,NA,NA,NA
"INB_837",NA,NA,NA,NA,NA,NA,NA,NA,NA
"JAMAPA",NA,NA,NA,NA,NA,NA,NA,NA,NA
"KAT_B1",1669.42984333855,2230.94280333396,28.0821709632862,39.1904368712207,80.7350653849192,47.7306964109659,261.74990315234,11.5819848609924,77.3688037516686
"KAT_B9",1724.86106960275,2218.75379021896,27.8158382072571,40.1396287748964,81.2331064202375,51.7162071823646,261.392978360159,11.5882049421312,79.4727423873038
"LPA_071",1806.55404775615,2054.59168555272,27.9966246319547,43.7709305240634,82.6708687061121,52.0643709699627,276.92718398465,11.5951578504033,72.6508962991833
"LPA_111",1690.00956537682,1877.80690327927,27.8196056074753,41.6342061823568,81.2287478198969,57.2334930589384,256.359068914959,11.5930523692816,71.2600778084299
"LPA_122",1946.34704022276,2431.29974295051,27.4774112948065,43.7255521194048,82.7801399643493,50.9742348402057,286.281541477563,11.5876637252959,72.5188241467348
"LPA_146",2605.97979413186,3008.2557000487,26.5977057818581,42.9468016580369,82.5781606550432,56.5761915183874,350.716495294932,11.5959250186019,70.3737286950067
"LPA_164",1906.42921857959,2521.13326780712,28.0616449564738,40.30641842146,81.4599512075876,58.7245875121702,296.170799638862,11.5815456104003,72.3714137964288
"LPA_404",NA,NA,NA,NA,NA,NA,NA,NA,NA
"LPA_406",1837.35390276841,2247.92275841757,27.3615894431799,43.0639404170707,82.2688439643224,56.7436543243268,261.666679530547,11.5911053161548,74.7355957452767
"LPA_426",2018.68757880583,2470.05415556698,27.2295901509828,42.1510880541338,82.7949125722004,52.8397701963784,287.232978452679,11.5829531737975,75.8255948131405
"LPA_435",2285.9412834498,3080.3436609017,27.4751257855624,40.261853153465,81.5992273714424,51.7844329973665,352.257137268207,11.5886765205514,77.1768967945841
"LPA_440",NA,NA,NA,NA,NA,NA,NA,NA,NA
"LPA_467",1607.33150299672,1627.61624669095,26.1099679218033,43.5141068416687,82.538413414367,40.3021777261287,205.789454389425,11.5271643147489,72.0357960952931
"LPA_471",NA,NA,NA,NA,NA,NA,NA,NA,NA
"LPA_499",2033.60934961705,2734.64634022037,27.7203667526697,42.2602263944121,81.8727173551733,49.3715051961673,312.1471670833,11.5835017697582,77.362108286782
"LPA_512",2315.87183738831,2664.4208458287,27.2739862402079,40.4965368171516,80.6410708993032,59.7062119203538,349.896611976722,11.5914364831182,74.9869460239718
"LPA_530",1793.22617135013,2298.67388530161,27.9253736488965,39.6294950868786,79.4907968332507,46.9210983683098,274.245812894918,11.5849711753234,75.1882190408085
"LPA_546",1762.08828292925,2167.03903952378,27.4103750515748,40.1494596624878,81.085694917379,61.689849765577,253.442867149735,11.5923151642755,76.4326725811988
"LPA_551",NA,NA,NA,NA,NA,NA,NA,NA,NA
"LPA_566",2187.10156713922,2318.41860450925,26.1778745597494,41.5999698687862,82.2841707546445,59.9660969105523,277.558548046998,11.5860052988738,73.3384323586373
"LPA_568",1821.29968759662,2147.61816795188,27.2166383222739,40.6930139223279,81.4704661008251,48.0338727027216,254.243177487439,11.5843425887475,72.2384259470814
"LPA_573",1445.30642359595,1619.4842239459,27.2729269806365,46.0047891750221,82.303973333021,47.5341310725251,194.724722226866,11.5852788136249,78.6143280165392
"LPA_610",1570.13247203706,1685.58793772738,27.78978324001,43.0098697331918,82.1463044962092,50.2406691440789,233.933380281435,11.5878707349689,72.9565891416653
"LPA_643",1958.73865003936,2361.59773851427,27.1473698445008,42.8860884244519,83.0575226426089,51.4351314402143,279.360031483946,11.5967932807672,71.6207627277373
"LPA_687",NA,NA,NA,NA,NA,NA,NA,NA,NA
"LPA_714",2139.03261580319,2711.20922283606,27.2511456931152,45.5031841366606,83.2073027531692,57.4647448441698,309.749536967996,11.5887868152267,73.3375069660967
"LPA_732",2132.6602961373,2577.96152185221,27.0854796348105,43.4225442852674,82.5920222010576,59.4408721682654,300.707977813847,11.5914560089246,74.2411946778217
"LPA_736",1916.05115679506,2184.57459005015,27.6955936236233,43.3953892216008,82.8547761139647,55.538503401616,293.269045703867,11.580111946427,74.210554886326
"LPA_760",NA,NA,NA,NA,NA,NA,NA,NA,NA
"LPA_770",1666.32537659447,2066.52947866751,27.5579363549779,41.5035736814485,81.1638727869809,53.9531055705169,243.332725380908,11.5820740736361,71.8776333432193
"LPA_771",1846.66262527545,2643.40576358939,28.2895695175247,40.9032001636483,81.9090176994506,51.2998793296448,306.520914192982,11.5813436753719,78.003788058691
"LPA_772",1791.71492910498,2346.88856423663,28.2423955590199,41.7252772646819,80.9815247128414,49.3733461036829,278.493083614956,11.5875152683837,77.7601130146578
"LPA_773",1461.00029704414,1658.57553588849,27.161979372008,43.4943669296418,82.3771306854803,56.5168794805925,193.06147594435,11.5610539117493,74.7856369557771
"LPA_774",2104.19884138311,2627.3280327881,27.1192480322557,40.4826959225992,82.0088748241377,60.0702346426488,304.811297405893,11.5911466738419,73.9682060589398
"LPA_775",1939.41144385778,2366.01075807797,27.2167283280538,41.0549042055367,81.4161425041253,56.0215523293058,279.496979559844,11.5865560768688,73.8984738267954
"LPA_776",1758.0486775868,2248.28985639458,27.8086310182085,44.5060665690161,81.2308232728688,57.2227239252694,265.570508613005,11.5868659941551,70.8611554379943
"LPA_777",2262.08886192569,2734.72891660803,26.8970059872524,44.0077921960248,82.0886959620056,55.3260300957953,322.184039410694,11.6006195213212,75.9017302160678
"LPA_778",1772.17047178968,2249.23574913739,27.5675931549188,41.1803548789659,81.6463712422855,62.4602300982429,265.99297921532,11.5935748585342,74.2442588473732
"LYAMUNGO_85",1779.92449411391,2319.82687521407,27.9034867104391,43.3978269661551,81.5031957189243,51.4720266547683,271.92388637436,11.5891706097799,77.2364375028574
"MAB_484",NA,NA,NA,NA,NA,NA,NA,NA,NA
"MAZ_013",NA,NA,NA,NA,NA,NA,NA,NA,NA
"MAZ_021",1695.34622876564,2182.48830706123,27.7624247808284,43.4185630149403,82.9401688420972,52.1173839767038,259.029469111675,11.5847441631325,77.9629685694781
"MAZ_026",NA,NA,NA,NA,NA,NA,NA,NA,NA
"MAZ_032",1952.571633884,2258.44270182129,26.9575743961388,40.2316004613565,82.4293984290798,55.0730306363202,264.652801838287,11.5865193106155,75.2241141265228
"MAZ_048",1912.10397070438,2365.81555611061,27.2724885928496,40.841041348738,82.3759188680087,45.0859104286647,277.998152239217,11.5901493576287,76.4587443265084
"MIB_465",NA,NA,NA,NA,NA,NA,NA,NA,NA
"NATAL_SUGAR",1825.29375028249,2594.94457457897,28.4045085703805,45.0670596706919,82.8168258237029,42.3146294658037,300.311731628643,11.5853944323519,80.6922973291951
"NCB_226",NA,NA,NA,NA,NA,NA,NA,NA,NA
"NCB_280",NA,NA,NA,NA,NA,NA,NA,NA,NA
"NDZ_001",NA,NA,NA,NA,NA,NA,NA,NA,NA
"NDZ_002",1871.64156600992,2336.53190631734,27.8638659678887,42.0576799072651,82.7362584212279,49.9142057009811,276.182914274023,11.5801785853348,71.9751237173883
"NDZ_003",NA,NA,NA,NA,NA,NA,NA,NA,NA
"NDZ_004",NA,NA,NA,NA,NA,NA,NA,NA,NA
"NDZ_005",NA,NA,NA,NA,NA,NA,NA,NA,NA
"NDZ_006",NA,NA,NA,NA,NA,NA,NA,NA,NA
"NDZ_007",NA,NA,NA,NA,NA,NA,NA,NA,NA
"NDZ_008",1640.27846786663,2041.26261810623,27.9775487275674,40.7245315584249,81.3469920769954,49.9171618703751,252.095623389733,11.5605631042994,76.6478924312885
"NDZ_009",NA,NA,NA,NA,NA,NA,NA,NA,NA
"NDZ_010",NA,NA,NA,NA,NA,NA,NA,NA,NA
"NDZ_011",NA,NA,NA,NA,NA,NA,NA,NA,NA
"NDZ_012",1839.77513142698,2253.36602650724,27.2861973264804,39.6313469678129,80.8799511955405,52.1808526443007,264.304675178804,11.5888852062128,75.8176485130676
"NDZ_013",NA,NA,NA,NA,NA,NA,NA,NA,NA
"NUA_035",2065.85264671323,2531.6413611879,27.1265144478849,41.4908590220623,82.125488237415,51.4258890749176,297.931919209282,11.5795517390329,76.4632943323934
"NUA_103",NA,NA,NA,NA,NA,NA,NA,NA,NA
"NUA_184",1975.61675367508,2341.79499275726,27.7306092731474,45.45116438179,83.6489254320885,55.675904372128,289.890108118619,11.5770469430314,75.8333413230521
"NUA_230",1749.34427664218,2062.68922116577,27.2291873630989,45.5892625617187,83.9453496247561,53.0406214879223,241.938734876274,11.5811323288233,69.1728124682364
"NUA_289",NA,NA,NA,NA,NA,NA,NA,NA,NA
"NUA_291",1820.9982546166,2138.98354604832,27.2270774916616,43.0284967374457,82.6137948688741,55.6683218699276,253.219094476103,11.5855748266911,71.6502407879747
"NUA_326",NA,NA,NA,NA,NA,NA,NA,NA,NA
"NUA_365",1997.77281974684,2293.55463415637,27.9870478762086,40.6006546867583,81.2586635467366,54.1433912518614,304.637188993201,11.578557041214,77.3156735027905
"NUA_368",1838.41453660246,1999.90723837374,27.0083321440161,45.8200150306068,83.2419011104454,64.3859828118684,257.360393605427,11.5908678349418,76.8235891867849
"NUA_398",1517.67995840774,1543.59905451883,26.6086711613835,44.9010348286933,82.5134032546812,55.9041851161112,195.66513892161,11.5378463357773,73.2446048575401
"NUA_428",NA,NA,NA,NA,NA,NA,NA,NA,NA
"NUA_430",1626.00941066454,1899.26952038499,27.3080270175241,40.7360059082524,80.7080357802011,60.2881369156295,226.062144818972,11.5801869425736,78.515154527254
"NUA_463",NA,NA,NA,NA,NA,NA,NA,NA,NA
"NUA_520",2068.49235149447,2634.58407511365,27.7518599151453,40.5656256040872,81.3499260030362,59.2484877169509,310.759911966018,11.5848246365605,77.4353066957788
"NUA_523",NA,NA,NA,NA,NA,NA,NA,NA,NA
"NUA_537",1915.57767775666,2499.70274223605,27.8477956014991,41.0832243484184,82.0456619682225,63.1180276337287,291.980794191468,11.5895766356847,73.6809646625355
"NUA_540",NA,NA,NA,NA,NA,NA,NA,NA,NA
"NUA_548",NA,NA,NA,NA,NA,NA,NA,NA,NA
"NUA_560",NA,NA,NA,NA,NA,NA,NA,NA,NA
"NUA_671",NA,NA,NA,NA,NA,NA,NA,NA,NA
"NUA_711",NA,NA,NA,NA,NA,NA,NA,NA,NA
"PAN_127",NA,NA,NA,NA,NA,NA,NA,NA,NA
"PVA_773",2060.93532338512,2444.83072565176,27.5725128878406,42.5661452287204,82.1695215990996,56.615439715732,316.656658206379,11.5868331231265,77.5462484216978
"RAA_021",2210.17888169393,2819.77435104507,27.5251466850842,43.4301726876469,82.6565400539952,51.325919762491,331.195504932582,11.5884171026789,72.0613233678898
"RAA_030",2030.50150247362,2493.2294494566,27.544015197798,44.5282288339947,82.4416892582973,53.0956638573329,295.926334910954,11.5931666095952,70.3796422431746
"RAA_034",2244.78304128501,2696.49756036666,26.9075515309593,45.2935901989004,83.5061784613353,53.4529234339062,326.010576950977,11.5927266042239,78.4532091813771
"RCB_591",NA,NA,NA,NA,NA,NA,NA,NA,NA
"RCB_593",NA,NA,NA,NA,NA,NA,NA,NA,NA
"RED_CANADIAN_WONDER",1993.32100124885,2594.37307754551,27.7524892717125,39.8815597570919,82.1032633033963,44.5274479904651,306.597199109418,11.587541826025,76.8081794549979
"RMA_072",1902.68302183359,2446.26845615741,27.7722992822907,42.0069478378033,81.6610423538809,53.1619469511135,286.54092315985,11.5931563539519,72.9038471825378
"RMX_002",NA,NA,NA,NA,NA,NA,NA,NA,NA
"RMX_008",NA,NA,NA,NA,NA,NA,NA,NA,NA
"RMX_019",2086.18519029954,2534.04718008075,27.0035297501398,44.491225330578,82.7901868874236,43.2720409766021,299.856755385952,11.5881366051792,76.4532548475802
"RMX_020",1797.6362746844,2398.91597703336,27.9637341298941,45.3090043563034,82.8799098332844,42.3456706358371,280.479663925495,11.5868923979706,76.5751663701034
"SAA_015",2006.24139768108,2324.84580774224,27.867825124385,40.150162273779,81.6323943003194,53.5579289999358,315.528671452403,11.5811363668046,71.5197205519761
"SAA_017",1973.45298117563,2561.19003448964,27.5220241414871,42.2628990327445,82.3509811267117,56.113424352784,299.409621829893,11.593507392774,74.7059400457957
"SAA_020",2329.92259627346,2982.38763117052,27.2078748920568,39.1330329087508,81.041872237274,52.5982197066158,345.531953432153,11.5813836169598,75.5768665716477
"SAA_021",1998.44061594009,2723.82921918547,27.8212232703285,40.0214080284188,80.8350134011285,51.8919656412967,314.927696357373,11.5915973802153,75.1873718552366
"SAB_259",2044.19805329246,2716.86256907639,27.6519947958566,41.7436904365561,81.4417204568809,48.9173732323522,315.1496083921,11.5893252335833,74.0621595099654
"SAB_516",1825.87578517746,2235.8536684613,27.46575506892,43.346514114706,81.095179843738,55.8022707901108,264.589673267135,11.5883725205161,72.5597071182792
"SAB_560",2355.78936026253,3046.0037923497,27.372951143715,39.7441930845286,79.6280961476917,53.6782838100864,353.743800365172,11.597011230241,77.7297676590468
"SAB_568",1703.09251402132,2294.43847173435,28.1299334541347,40.1615042664643,81.2265771034912,56.2176836920056,269.41459909226,11.5916108385596,77.8535213428762
"SAB_576",1762.34298778234,2140.99527563647,27.87037745358,42.7075037086458,81.802642002513,46.3924540413377,258.609371366161,11.589450956617,73.2776787463415
"SAB_618",NA,NA,NA,NA,NA,NA,NA,NA,NA
"SAB_626",1946.67917521526,2479.86672545934,27.4434083203269,42.2347250410705,81.957825649445,55.7077853701985,289.798224412083,11.5873699747592,74.0964366499004
"SAB_632",NA,NA,NA,NA,NA,NA,NA,NA,NA
"SAB_659",1986.33974932552,2464.02179351413,27.4120294680403,39.9756600630853,81.1577341599203,59.2914382405444,287.701075066586,11.5888745917481,74.2056851239353
"SAB_686",2152.93659764196,2609.98035438919,26.912655364221,42.444146158672,81.4837956160428,54.8351980374915,303.112930702855,11.5854353078021,74.5249636267176
"SAB_711",1759.61091950896,2087.27160999548,27.1636883001045,39.7120198294481,81.2277343155204,42.601759010569,247.433080718518,11.5854838457398,75.9212390910889
"SAB_712",1582.93968262412,1940.08867145153,27.6641957226082,43.0172858971096,81.5067692304526,51.6602258300608,232.509337416612,11.5855531215232,76.5223360138319
"SAP_001-15",NA,NA,NA,NA,NA,NA,NA,NA,NA
"SAP_001-16",1918.86193122379,2395.99050354493,27.3911977773816,40.0794779097663,80.1307741060519,53.4030721622341,278.687040592516,11.5834650045902,76.0917360448863
"SAR_002",NA,NA,NA,NA,NA,NA,NA,NA,NA
"SAR_003",NA,NA,NA,NA,NA,NA,NA,NA,NA
"SAR_004",NA,NA,NA,NA,NA,NA,NA,NA,NA
"SCN_013",NA,NA,NA,NA,NA,NA,NA,NA,NA
"SCN_014",NA,NA,NA,NA,NA,NA,NA,NA,NA
"SCN_015",NA,NA,NA,NA,NA,NA,NA,NA,NA
"SCN_016",NA,NA,NA,NA,NA,NA,NA,NA,NA
"SCN_017",NA,NA,NA,NA,NA,NA,NA,NA,NA
"SCN_018",NA,NA,NA,NA,NA,NA,NA,NA,NA
"SCN_019",NA,NA,NA,NA,NA,NA,NA,NA,NA
"SCN_020",NA,NA,NA,NA,NA,NA,NA,NA,NA
"SCN_021",NA,NA,NA,NA,NA,NA,NA,NA,NA
"SCR_002",NA,NA,NA,NA,NA,NA,NA,NA,NA
"SCR_003",NA,NA,NA,NA,NA,NA,NA,NA,NA
"SCR_004",NA,NA,NA,NA,NA,NA,NA,NA,NA
"SCR_008",NA,NA,NA,NA,NA,NA,NA,NA,NA
"SCR_009",NA,NA,NA,NA,NA,NA,NA,NA,NA
"SCR_011",NA,NA,NA,NA,NA,NA,NA,NA,NA
"SCR_016",NA,NA,NA,NA,NA,NA,NA,NA,NA
"SCR_022",NA,NA,NA,NA,NA,NA,NA,NA,NA
"SCR_023",NA,NA,NA,NA,NA,NA,NA,NA,NA
"SCR_040",NA,NA,NA,NA,NA,NA,NA,NA,NA
"SCR_045",NA,NA,NA,NA,NA,NA,NA,NA,NA
"SCR_047",NA,NA,NA,NA,NA,NA,NA,NA,NA
"SCR_055",NA,NA,NA,NA,NA,NA,NA,NA,NA
"SCR_056",NA,NA,NA,NA,NA,NA,NA,NA,NA
"SCR_061",NA,NA,NA,NA,NA,NA,NA,NA,NA
"SCR_066",NA,NA,NA,NA,NA,NA,NA,NA,NA
"SCR_069",NA,NA,NA,NA,NA,NA,NA,NA,NA
"SCR_070",NA,NA,NA,NA,NA,NA,NA,NA,NA
"SCR_076",NA,NA,NA,NA,NA,NA,NA,NA,NA
"SEA_005",NA,NA,NA,NA,NA,NA,NA,NA,NA
"SEC_034",NA,NA,NA,NA,NA,NA,NA,NA,NA
"SEC_035",NA,NA,NA,NA,NA,NA,NA,NA,NA
"SEC_036",NA,NA,NA,NA,NA,NA,NA,NA,NA
"SEC_038",NA,NA,NA,NA,NA,NA,NA,NA,NA
"SEC_039",NA,NA,NA,NA,NA,NA,NA,NA,NA
"SEC_040",NA,NA,NA,NA,NA,NA,NA,NA,NA
"SEC_042",NA,NA,NA,NA,NA,NA,NA,NA,NA
"SEC_045",NA,NA,NA,NA,NA,NA,NA,NA,NA
"SEC_046",NA,NA,NA,NA,NA,NA,NA,NA,NA
"SEC_047",NA,NA,NA,NA,NA,NA,NA,NA,NA
"SEC_048",NA,NA,NA,NA,NA,NA,NA,NA,NA
"SEC_049",NA,NA,NA,NA,NA,NA,NA,NA,NA
"SEC_050",NA,NA,NA,NA,NA,NA,NA,NA,NA
"SEC_051",NA,NA,NA,NA,NA,NA,NA,NA,NA
"SEC_052",NA,NA,NA,NA,NA,NA,NA,NA,NA
"SEC_053",NA,NA,NA,NA,NA,NA,NA,NA,NA
"SEC_054",NA,NA,NA,NA,NA,NA,NA,NA,NA
"SEC_055",NA,NA,NA,NA,NA,NA,NA,NA,NA
"SEC_056",NA,NA,NA,NA,NA,NA,NA,NA,NA
"SEC_057",NA,NA,NA,NA,NA,NA,NA,NA,NA
"SEC_058",NA,NA,NA,NA,NA,NA,NA,NA,NA
"SEC_059",NA,NA,NA,NA,NA,NA,NA,NA,NA
"SEC_060",NA,NA,NA,NA,NA,NA,NA,NA,NA
"SEC_061",NA,NA,NA,NA,NA,NA,NA,NA,NA
"SEC_062",NA,NA,NA,NA,NA,NA,NA,NA,NA
"SEF_009",NA,NA,NA,NA,NA,NA,NA,NA,NA
"SEF_010",NA,NA,NA,NA,NA,NA,NA,NA,NA
"SEF_012",NA,NA,NA,NA,NA,NA,NA,NA,NA
"SEF_014",NA,NA,NA,NA,NA,NA,NA,NA,NA
"SEF_015",NA,NA,NA,NA,NA,NA,NA,NA,NA
"SEF_016",NA,NA,NA,NA,NA,NA,NA,NA,NA
"SEF_028",NA,NA,NA,NA,NA,NA,NA,NA,NA
"SEF_029",NA,NA,NA,NA,NA,NA,NA,NA,NA
"SEF_045",NA,NA,NA,NA,NA,NA,NA,NA,NA
"SEF_060",2507.66053985592,3617.49833938601,27.8569106068169,39.568781211719,81.0502523976979,31.8955556660593,419.233972172286,11.5974186864689,76.9415168155152
"SEN_034",NA,NA,NA,NA,NA,NA,NA,NA,NA
"SEN_037",NA,NA,NA,NA,NA,NA,NA,NA,NA
"SEN_046",NA,NA,NA,NA,NA,NA,NA,NA,NA
"SEN_053",NA,NA,NA,NA,NA,NA,NA,NA,NA
"SEN_056",2313.94912996564,2904.37364863877,28.5857041960899,41.8017298797393,82.0500872295687,27.8861770250418,382.326685979792,11.5898963079112,76.5819412285595
"SEN_101",NA,NA,NA,NA,NA,NA,NA,NA,NA
"SEN_102",NA,NA,NA,NA,NA,NA,NA,NA,NA
"SEN_103",NA,NA,NA,NA,NA,NA,NA,NA,NA
"SEN_104",NA,NA,NA,NA,NA,NA,NA,NA,NA
"SEN_105",NA,NA,NA,NA,NA,NA,NA,NA,NA
"SEN_106",NA,NA,NA,NA,NA,NA,NA,NA,NA
"SEN_107",NA,NA,NA,NA,NA,NA,NA,NA,NA
"SEN_108",NA,NA,NA,NA,NA,NA,NA,NA,NA
"SEN_109",NA,NA,NA,NA,NA,NA,NA,NA,NA
"SEN_110",NA,NA,NA,NA,NA,NA,NA,NA,NA
"SEN_111",NA,NA,NA,NA,NA,NA,NA,NA,NA
"SEN_112",NA,NA,NA,NA,NA,NA,NA,NA,NA
"SEN_113",NA,NA,NA,NA,NA,NA,NA,NA,NA
"SEN_114",NA,NA,NA,NA,NA,NA,NA,NA,NA
"SEN_115",NA,NA,NA,NA,NA,NA,NA,NA,NA
"SEN_116",NA,NA,NA,NA,NA,NA,NA,NA,NA
"SEN_117",NA,NA,NA,NA,NA,NA,NA,NA,NA
"SEN_118",NA,NA,NA,NA,NA,NA,NA,NA,NA
"SEN_119",NA,NA,NA,NA,NA,NA,NA,NA,NA
"SEN_120",NA,NA,NA,NA,NA,NA,NA,NA,NA
"SEN_121",NA,NA,NA,NA,NA,NA,NA,NA,NA
"SEN_122",NA,NA,NA,NA,NA,NA,NA,NA,NA
"SEQ_011",NA,NA,NA,NA,NA,NA,NA,NA,NA
"SEQ_1003",2145.50918095252,2514.17841991923,27.3447484373449,44.0082443384807,82.7388405194351,47.0943329777599,296.03661929598,11.583828337028,74.3464732395454
"SEQ_1004",2163.08492065106,2994.19466215191,27.8571024323291,42.9537172274,81.6626748851274,54.6950457415976,343.400149649451,11.5900892873384,77.8175897627957
"SEQ_1006",1843.81988697989,2457.59781862793,27.9083680799329,45.4448804228414,83.826372083508,56.3916163631506,285.82134192428,11.5863405044954,76.2031100551427
"SEQ_1027",1923.19962086674,2469.87798032957,27.7490185625132,43.8225355237901,82.3376059724792,52.0109014041173,290.412025783498,11.5849299108117,75.088733102437
"SER_008",NA,NA,NA,NA,NA,NA,NA,NA,NA
"SER_014",NA,NA,NA,NA,NA,NA,NA,NA,NA
"SER_015",NA,NA,NA,NA,NA,NA,NA,NA,NA
"SER_016",NA,NA,NA,NA,NA,NA,NA,NA,NA
"SER_019",NA,NA,NA,NA,NA,NA,NA,NA,NA
"SER_020",NA,NA,NA,NA,NA,NA,NA,NA,NA
"SER_021",NA,NA,NA,NA,NA,NA,NA,NA,NA
"SER_022",NA,NA,NA,NA,NA,NA,NA,NA,NA
"SER_023",NA,NA,NA,NA,NA,NA,NA,NA,NA
"SER_024",NA,NA,NA,NA,NA,NA,NA,NA,NA
"SER_028",NA,NA,NA,NA,NA,NA,NA,NA,NA
"SER_095",NA,NA,NA,NA,NA,NA,NA,NA,NA
"SER_118",2136.81485945494,3112.97807006065,28.6571405811509,44.4714949633382,82.4589417119402,34.3738385915288,363.406252343689,11.5883541669059,81.272634735187
"SER_125",NA,NA,NA,NA,NA,NA,NA,NA,NA
"SER_313",NA,NA,NA,NA,NA,NA,NA,NA,NA
"SER_325",NA,NA,NA,NA,NA,NA,NA,NA,NA
"SER_326",NA,NA,NA,NA,NA,NA,NA,NA,NA
"SER_327",NA,NA,NA,NA,NA,NA,NA,NA,NA
"SER_328",NA,NA,NA,NA,NA,NA,NA,NA,NA
"SER_329",NA,NA,NA,NA,NA,NA,NA,NA,NA
"SER_331",NA,NA,NA,NA,NA,NA,NA,NA,NA
"SER_333",NA,NA,NA,NA,NA,NA,NA,NA,NA
"SER_339",NA,NA,NA,NA,NA,NA,NA,NA,NA
"SER_346",NA,NA,NA,NA,NA,NA,NA,NA,NA
"SER_349",NA,NA,NA,NA,NA,NA,NA,NA,NA
"SER_350",NA,NA,NA,NA,NA,NA,NA,NA,NA
"SER_351",NA,NA,NA,NA,NA,NA,NA,NA,NA
"SER_353",NA,NA,NA,NA,NA,NA,NA,NA,NA
"SER_360",NA,NA,NA,NA,NA,NA,NA,NA,NA
"SER_364",NA,NA,NA,NA,NA,NA,NA,NA,NA
"SER_366",NA,NA,NA,NA,NA,NA,NA,NA,NA
"SER_373",NA,NA,NA,NA,NA,NA,NA,NA,NA
"SER_377",NA,NA,NA,NA,NA,NA,NA,NA,NA
"SER_379",NA,NA,NA,NA,NA,NA,NA,NA,NA
"SER_380",NA,NA,NA,NA,NA,NA,NA,NA,NA
"SER_381",NA,NA,NA,NA,NA,NA,NA,NA,NA
"SER_382",NA,NA,NA,NA,NA,NA,NA,NA,NA
"SER_383",NA,NA,NA,NA,NA,NA,NA,NA,NA
"SER_384",NA,NA,NA,NA,NA,NA,NA,NA,NA
"SER_385",NA,NA,NA,NA,NA,NA,NA,NA,NA
"SER_386",NA,NA,NA,NA,NA,NA,NA,NA,NA
"SER_387",NA,NA,NA,NA,NA,NA,NA,NA,NA
"SER_388",NA,NA,NA,NA,NA,NA,NA,NA,NA
"SER_389",NA,NA,NA,NA,NA,NA,NA,NA,NA
"SER_390",NA,NA,NA,NA,NA,NA,NA,NA,NA
"SER_391",NA,NA,NA,NA,NA,NA,NA,NA,NA
"SIN_524",NA,NA,NA,NA,NA,NA,NA,NA,NA
"SIN_525",NA,NA,NA,NA,NA,NA,NA,NA,NA
"SIN_526",NA,NA,NA,NA,NA,NA,NA,NA,NA
"SIN_527",NA,NA,NA,NA,NA,NA,NA,NA,NA
"SMC_033",NA,NA,NA,NA,NA,NA,NA,NA,NA
"SMC_041",NA,NA,NA,NA,NA,NA,NA,NA,NA
"SMC_101",NA,NA,NA,NA,NA,NA,NA,NA,NA
"SMC_137",NA,NA,NA,NA,NA,NA,NA,NA,NA
"SMC_140",NA,NA,NA,NA,NA,NA,NA,NA,NA
"SMC_141",NA,NA,NA,NA,NA,NA,NA,NA,NA
"SMC_142",NA,NA,NA,NA,NA,NA,NA,NA,NA
"SMC_143",NA,NA,NA,NA,NA,NA,NA,NA,NA
"SMC_146",NA,NA,NA,NA,NA,NA,NA,NA,NA
"SMC_151",NA,NA,NA,NA,NA,NA,NA,NA,NA
"SMC_155",NA,NA,NA,NA,NA,NA,NA,NA,NA
"SMC_157",NA,NA,NA,NA,NA,NA,NA,NA,NA
"SMC_158",NA,NA,NA,NA,NA,NA,NA,NA,NA
"SMC_159",NA,NA,NA,NA,NA,NA,NA,NA,NA
"SMC_162",NA,NA,NA,NA,NA,NA,NA,NA,NA
"SMC_163",NA,NA,NA,NA,NA,NA,NA,NA,NA
"SMC_164",NA,NA,NA,NA,NA,NA,NA,NA,NA
"SMC_165",NA,NA,NA,NA,NA,NA,NA,NA,NA
"SMC_166",NA,NA,NA,NA,NA,NA,NA,NA,NA
"SMC_167",NA,NA,NA,NA,NA,NA,NA,NA,NA
"SMC_168",NA,NA,NA,NA,NA,NA,NA,NA,NA
"SMC_169",NA,NA,NA,NA,NA,NA,NA,NA,NA
"SMC_170",NA,NA,NA,NA,NA,NA,NA,NA,NA
"SMC_171",NA,NA,NA,NA,NA,NA,NA,NA,NA
"SMC_172",NA,NA,NA,NA,NA,NA,NA,NA,NA
"SMC_173",NA,NA,NA,NA,NA,NA,NA,NA,NA
"SMC_174",NA,NA,NA,NA,NA,NA,NA,NA,NA
"SMC_175",NA,NA,NA,NA,NA,NA,NA,NA,NA
"SMC_176",NA,NA,NA,NA,NA,NA,NA,NA,NA
"SMC_177",NA,NA,NA,NA,NA,NA,NA,NA,NA
"SMC_178",NA,NA,NA,NA,NA,NA,NA,NA,NA
"SMC_179",NA,NA,NA,NA,NA,NA,NA,NA,NA
"SMC_180",NA,NA,NA,NA,NA,NA,NA,NA,NA
"SMC_181",NA,NA,NA,NA,NA,NA,NA,NA,NA
"SMC_182",NA,NA,NA,NA,NA,NA,NA,NA,NA
"SMC_183",NA,NA,NA,NA,NA,NA,NA,NA,NA
"SMC_184",NA,NA,NA,NA,NA,NA,NA,NA,NA
"SMC_185",NA,NA,NA,NA,NA,NA,NA,NA,NA
"SMC_186",NA,NA,NA,NA,NA,NA,NA,NA,NA
"SMC_187",NA,NA,NA,NA,NA,NA,NA,NA,NA
"SMC_188",NA,NA,NA,NA,NA,NA,NA,NA,NA
"SMC_189",NA,NA,NA,NA,NA,NA,NA,NA,NA
"SMC_190",NA,NA,NA,NA,NA,NA,NA,NA,NA
"SMC_191",NA,NA,NA,NA,NA,NA,NA,NA,NA
"SMC_192",NA,NA,NA,NA,NA,NA,NA,NA,NA
"SMC_193",NA,NA,NA,NA,NA,NA,NA,NA,NA
"SMC_194",NA,NA,NA,NA,NA,NA,NA,NA,NA
"SMC_195",NA,NA,NA,NA,NA,NA,NA,NA,NA
"SMC_196",NA,NA,NA,NA,NA,NA,NA,NA,NA
"SMC_197",NA,NA,NA,NA,NA,NA,NA,NA,NA
"SMC_198",NA,NA,NA,NA,NA,NA,NA,NA,NA
"SMC_199",NA,NA,NA,NA,NA,NA,NA,NA,NA
"SMC_200",NA,NA,NA,NA,NA,NA,NA,NA,NA
"SMC_201",NA,NA,NA,NA,NA,NA,NA,NA,NA
"SMC_202",NA,NA,NA,NA,NA,NA,NA,NA,NA
"SMC_203",NA,NA,NA,NA,NA,NA,NA,NA,NA
"SMC_204",NA,NA,NA,NA,NA,NA,NA,NA,NA
"SMC_205",NA,NA,NA,NA,NA,NA,NA,NA,NA
"SMC_206",NA,NA,NA,NA,NA,NA,NA,NA,NA
"SMC_207",NA,NA,NA,NA,NA,NA,NA,NA,NA
"SMC_208",NA,NA,NA,NA,NA,NA,NA,NA,NA
"SMC_209",NA,NA,NA,NA,NA,NA,NA,NA,NA
"SMC_210",NA,NA,NA,NA,NA,NA,NA,NA,NA
"SMC_211",NA,NA,NA,NA,NA,NA,NA,NA,NA
"SMN_039",NA,NA,NA,NA,NA,NA,NA,NA,NA
"SMN_057",NA,NA,NA,NA,NA,NA,NA,NA,NA
"SMN_058",NA,NA,NA,NA,NA,NA,NA,NA,NA
"SMN_059",NA,NA,NA,NA,NA,NA,NA,NA,NA
"SMN_060",NA,NA,NA,NA,NA,NA,NA,NA,NA
"SMN_061",NA,NA,NA,NA,NA,NA,NA,NA,NA
"SMN_062",NA,NA,NA,NA,NA,NA,NA,NA,NA
"SMN_063",NA,NA,NA,NA,NA,NA,NA,NA,NA
"SMN_064",NA,NA,NA,NA,NA,NA,NA,NA,NA
"SMN_065",NA,NA,NA,NA,NA,NA,NA,NA,NA
"SMR_072",NA,NA,NA,NA,NA,NA,NA,NA,NA
"SMR_083",NA,NA,NA,NA,NA,NA,NA,NA,NA
"SMR_084",NA,NA,NA,NA,NA,NA,NA,NA,NA
"SMR_085",NA,NA,NA,NA,NA,NA,NA,NA,NA
"SMR_086",NA,NA,NA,NA,NA,NA,NA,NA,NA
"SMR_087",NA,NA,NA,NA,NA,NA,NA,NA,NA
"SMR_088",NA,NA,NA,NA,NA,NA,NA,NA,NA
"SMR_094",NA,NA,NA,NA,NA,NA,NA,NA,NA
"SMR_095",NA,NA,NA,NA,NA,NA,NA,NA,NA
"SMR_099",NA,NA,NA,NA,NA,NA,NA,NA,NA
"SMR_101",NA,NA,NA,NA,NA,NA,NA,NA,NA
"SMR_103",NA,NA,NA,NA,NA,NA,NA,NA,NA
"SMR_107",NA,NA,NA,NA,NA,NA,NA,NA,NA
"SMR_109",NA,NA,NA,NA,NA,NA,NA,NA,NA
"SMR_111",NA,NA,NA,NA,NA,NA,NA,NA,NA
"SMR_113",NA,NA,NA,NA,NA,NA,NA,NA,NA
"SMR_115",NA,NA,NA,NA,NA,NA,NA,NA,NA
"SMR_120",NA,NA,NA,NA,NA,NA,NA,NA,NA
"SMR_121",NA,NA,NA,NA,NA,NA,NA,NA,NA
"SMR_127",NA,NA,NA,NA,NA,NA,NA,NA,NA
"SMR_128",NA,NA,NA,NA,NA,NA,NA,NA,NA
"SMR_129",NA,NA,NA,NA,NA,NA,NA,NA,NA
"SMR_130",NA,NA,NA,NA,NA,NA,NA,NA,NA
"SMR_132",NA,NA,NA,NA,NA,NA,NA,NA,NA
"SMR_133",NA,NA,NA,NA,NA,NA,NA,NA,NA
"SMR_134",NA,NA,NA,NA,NA,NA,NA,NA,NA
"SMR_135",NA,NA,NA,NA,NA,NA,NA,NA,NA
"SMR_136",NA,NA,NA,NA,NA,NA,NA,NA,NA
"SMR_137",NA,NA,NA,NA,NA,NA,NA,NA,NA
"SMR_138",NA,NA,NA,NA,NA,NA,NA,NA,NA
"SMR_139",NA,NA,NA,NA,NA,NA,NA,NA,NA
"SMR_140",NA,NA,NA,NA,NA,NA,NA,NA,NA
"SMR_141",NA,NA,NA,NA,NA,NA,NA,NA,NA
"SMR_142",NA,NA,NA,NA,NA,NA,NA,NA,NA
"SMR_143",NA,NA,NA,NA,NA,NA,NA,NA,NA
"SMR_144",NA,NA,NA,NA,NA,NA,NA,NA,NA
"SMR_145",NA,NA,NA,NA,NA,NA,NA,NA,NA
"SMR_146",NA,NA,NA,NA,NA,NA,NA,NA,NA
"SMR_147",NA,NA,NA,NA,NA,NA,NA,NA,NA
"SMR_148",NA,NA,NA,NA,NA,NA,NA,NA,NA
"SMR_149",NA,NA,NA,NA,NA,NA,NA,NA,NA
"SMR_150",NA,NA,NA,NA,NA,NA,NA,NA,NA
"SMR_151",NA,NA,NA,NA,NA,NA,NA,NA,NA
"SMR_152",NA,NA,NA,NA,NA,NA,NA,NA,NA
"SMR_153",NA,NA,NA,NA,NA,NA,NA,NA,NA
"SMR_154",NA,NA,NA,NA,NA,NA,NA,NA,NA
"SMR_155",NA,NA,NA,NA,NA,NA,NA,NA,NA
"SMR_156",NA,NA,NA,NA,NA,NA,NA,NA,NA
"SMR_157",NA,NA,NA,NA,NA,NA,NA,NA,NA
"SMR_158",NA,NA,NA,NA,NA,NA,NA,NA,NA
"SMR_159",NA,NA,NA,NA,NA,NA,NA,NA,NA
"SUG_131",1899.48099358427,2329.46633653309,27.3299199977426,44.3516723917271,82.9859233327223,57.7962402824097,276.814623927481,11.5917167816918,75.5486214356342
"SXB_412",NA,NA,NA,NA,NA,NA,NA,NA,NA
"TIO_CANELA_75",2416.65640917168,3351.67389631262,28.0921249027869,45.6446980413326,83.2573717859454,26.283414798991,390.804312376483,11.5993221901442,77.3702895851686
"USA_063",NA,NA,NA,NA,NA,NA,NA,NA,NA
"USA_077",NA,NA,NA,NA,NA,NA,NA,NA,NA
