"line","YDHPL","YDHA","PLHA","DF","DPM","SW100","TSW","POM"
"AAB_001-b",1256.99167581336,1256.12197615965,30.3358385948194,37.1560150123292,65.8838787074513,32.6777875511965,279.586464130965,13.4933745615156
"AAB_011",390.941229810088,392.760707154057,11.7386272312665,38.5904952534992,68.110910478717,27.4892848237347,87.4472407918115,9.98113284691852
"ABU_001",1352.67821046964,1352.39504048172,30.0290605414149,35.620939120447,64.1843694009321,42.1988414349633,300.57254956785,12.488231029066
"ABU_002",1271.445597975,1272.01383217946,30.6372959081293,36.170661604456,66.2658157234952,43.9419090579855,281.389327471682,13.4360763984195
"ABU_003",1011.3703805186,1011.78913502616,30.1938716713555,36.4771537765468,65.2107678497274,42.4911840268696,225.869113669316,13.3972369341957
"ABU_004",1795.54374608129,1794.79701240852,36.5406009731826,35.2013230793441,64.8306460658454,45.3722495957795,399.326590406888,13.3541634758511
"ABU_005",981.8307579309,982.541404598648,30.0933608285388,34.4529583414894,64.7283499579495,36.1642147631098,219.663875201104,13.7592886402413
"ABU_006",1104.55274192308,1103.60511238605,23.9690717760979,37.0039557869486,66.7539722087209,43.9070221582455,248.216405489178,14.4305831678618
"ABU_007",1532.69543773636,1531.36842491099,32.2129826396917,36.4675110919189,65.2282974805377,46.2080664360798,340.995486445732,13.8840894611697
"ABU_008",910.420000269733,910.051209866433,26.1779255838471,33.7406361375122,63.7993067881832,38.0954412167919,203.591203680814,12.4495083576381
"ABU_009",668.098950951733,667.064857511495,12.4083146179363,35.9558961575617,67.0379680755123,42.9408437538591,148.94277295376,10.0584843700838
"ABU_010",804.724158768908,804.291311539893,23.0252207452487,34.6589167517706,67.1034816213736,41.6907730611938,179.337047444198,12.0420953268016
"ABU_011",1004.858555269,1004.59347675544,31.2861785483917,34.9109691504064,64.436204063949,42.6554381607633,225.582306096025,13.410714888333
"ABU_012",1038.38375753308,1038.85892550829,23.5209218301857,33.3053182182575,64.23966436109,41.2011723355158,230.914613663296,13.579762588717
"ABU_013",937.878143378243,938.892346850163,27.8588279033718,34.7117537211606,64.3372544555825,33.5328401107048,208.780214557924,11.9171351892706
"ABU_014",835.156441642003,838.625592824402,21.5000795825816,34.9667274881243,65.6645337281822,46.930847154327,186.784307539753,12.5130305916967
"ABU_015",1270.33573758063,1272.19151559595,34.2090950006727,34.0012014764231,64.8175679924399,43.0044300294971,282.900424218819,13.5145858902316
"ABU_016",836.625067847723,837.968219138364,24.8237306907216,34.932985530252,65.3917434319343,50.994444584098,185.209463360531,13.4925308599148
"ABU_017",998.404450578634,1002.01736881957,27.4882239751895,34.9041749443369,62.937132952535,35.9581257689862,221.49794154852,12.5505901084973
"ABU_018",947.970639460675,947.902556628666,28.602215915336,33.3467583868919,63.9942391660119,40.2484804772245,210.856832531895,13.3321877682695
"ABU_019",785.793386285164,788.331999881319,25.42099057183,34.7107856998555,62.1146957903298,38.6384088392465,175.045255745876,13.424789686423
"ABU_020",1081.57790524547,1082.5430218473,33.2570546189155,34.0961656294522,65.4725112507528,38.8957657658634,243.78187779219,13.1560557220241
"ABU_021",1248.68126100235,1249.22225816203,26.8994227401237,34.7918419238778,65.1113296078252,44.9473369936454,278.943535488315,13.252746451109
"ABU_022",1116.61504607915,1119.21438072108,27.8204111547352,33.8804609482474,65.0996256309524,38.9219694130611,246.478007910435,12.4079617447978
"ABU_023",1090.53253574306,1091.84925419997,27.3274301603219,35.5405778119878,65.638073353127,41.7087996555985,241.942659576948,13.510733898107
"ABU_024",1336.32862588365,1336.20468104457,32.4793819023514,34.9679362594509,65.3955132880089,42.1199151701812,296.334714331809,13.2213150310276
"ABU_025",1581.16575850011,1581.96163745007,30.2746542685961,33.9285160243388,65.4102847955618,48.4361518186647,352.754762110143,13.7136318415899
"ABU_026",1118.5596151821,1118.71265619493,25.9322097273612,35.0520392336264,65.3764042947815,45.039582260521,249.458955008379,13.2869369709069
"ABU_027",1553.76040601522,1556.09282549236,32.5474837880065,35.0410772011176,64.5041099008219,46.1683823665829,347.742983733636,13.4550407952046
"ABU_028",1147.37590816532,1147.48743659546,25.1978381920116,35.2218927261492,64.4811587498151,47.6004365530307,256.430009258018,12.7123059045859
"ABU_029",1060.61637327687,1060.96040006182,26.8280182848418,34.1817017695755,63.9839873908097,41.2690551539378,234.319121836538,12.6138698341355
"ABU_030",815.694978986392,813.226724940965,27.7010646362273,36.0024686618848,65.6858416406295,48.9633906087762,181.904577816578,12.2402444357975
"ABU_031",1536.84147341735,1537.18698847422,32.8652423966266,34.6840083808802,64.3597434672267,43.2164935376707,340.850441137525,12.3421171495762
"ABU_032",1098.89659966827,1100.47548682144,27.9971147786948,34.812535086853,65.9146237967011,42.3820743718249,245.052483049484,13.3879875811243
"ABU_033",1358.20935700436,1359.40845637047,32.8330233721811,34.8653258743747,64.9976226864046,45.3613009970145,303.979295383215,13.6527853107865
"ABU_034",1346.89564125162,1348.0054720805,25.1280426288312,34.2771565775471,64.8834501958168,43.9571253004276,301.066967551457,13.7856623654471
"ABU_035",1817.85764644991,1818.63974380125,34.7423330701349,34.2973401798525,64.6552926804666,41.9103646231194,400.996304000004,13.1223623938515
"ABU_036",757.686756949418,758.252766844255,26.2715099484362,34.869481810236,66.0888796798581,36.500944055459,168.66261878182,11.8818163468008
"ABU_037",1312.50310088401,1312.99077171928,33.2193814606327,35.6303368960072,66.2143097748768,41.8056429890279,293.967648711556,14.0086692411546
"ABU_038",1093.44604675579,1091.71389413158,32.2282281713577,33.6066417598971,65.734903671198,42.1488550080932,242.51735975791,12.7314734763324
"ABU_039",1145.06471006171,1144.64711493079,30.8375408410603,33.2578761010178,63.119982819541,35.1553482353544,254.549092285668,12.8629822671602
"ABU_041",1381.0883946821,1380.71146436047,35.8128478269003,35.5355894079688,65.3206921859683,38.636091424972,305.131946292445,13.0140068017817
"ABU_042",1222.77586602334,1222.26024265739,32.5112569058056,35.7429047357478,66.1097977955427,39.921858686067,271.092117003262,12.5787483229858
"ABU_043",971.548783160336,972.493087455318,25.7299726928051,32.8838267952241,63.9580909801663,35.444285254162,216.657864461864,12.20257674675
"ABU_044",1530.71485880806,1528.8284513736,31.2828363592616,35.958737969587,66.4015430438726,39.9615283511665,339.209617754458,13.531936935185
"ABU_045",1459.18200000412,1458.95189310402,34.474254940629,33.5890495122026,65.0972839815752,39.6292549595307,326.56190438556,14.0702267997839
"ABU_046",283.689475743749,283.231562915769,15.8839126685779,35.6125377920236,68.0094421505695,36.4383971935062,62.8462158486095,5.81916266750819
"ABU_047",584.671424506262,584.056054774403,21.0599864297316,37.4001970510613,67.3962929807764,40.578130857951,130.395748794957,10.110689812395
"ABU_048",946.308326201149,949.283448965456,18.8276014165808,34.3514538212317,64.156394301069,39.6250488553532,212.060035801641,14.0482641410464
"ABU_049",1034.24099279185,1034.94605789465,32.2867843393967,35.7298529289427,65.3417410533101,33.5727631348097,231.92085325805,12.9495488092529
"ABU_050",1153.52522052233,1153.66198910186,29.0938017173666,35.2138276729708,65.3329582406185,36.5527540915572,254.890329471238,13.0695139412242
"ABU_051",1073.83322543006,1075.63148709075,32.8359474800884,35.4089645972112,66.2492890949191,35.2330915569103,240.205829780234,13.9199037455363
"ABU_052",942.136266236604,938.792731940644,32.2089333932773,36.8014291509383,67.2767036182301,33.8248046907871,209.192716445813,13.5539182804671
"ABU_054",541.873088111729,542.106179190416,16.2693623900441,35.3859899404981,68.4402451609449,30.1830827704062,120.777807363408,8.60637364886432
"ABU_055",1491.5058144674,1492.01374878006,35.8079525136158,34.7600442376055,64.3498937518725,37.6719311501769,334.2763959203,14.0352042032688
"ABU_056",638.540577098342,714.187137467684,29.8552652703746,35.958798652714,66.3636682058278,38.9993470008446,159.28793620284,13.8992520229419
"ABU_057",549.710974584581,551.217415106673,17.0485569562539,35.1893207895841,67.3432305077,41.8408232819656,122.903998303848,6.41592636275605
"ABU_058",773.177003602371,774.422206438354,22.1836854969926,33.898271803396,65.6549190491899,32.6019160599119,173.255969023103,10.4008899615555
"ABU_059",1186.51482642561,1186.46746808316,24.7015615461595,36.1087377665616,65.2683465610137,35.5874841961806,262.38286351026,12.9535259310001
"ABU_060",1108.26935952206,1108.80134602843,28.9789007851875,34.7116555946309,64.3182487190304,31.6708645822207,245.818495691238,12.9320503330191
"ABU_061",374.427275037542,377.493628655259,23.452356636561,39.4083156402568,66.9398072428407,28.8397182500221,83.6859232831927,7.00661831649301
"ACC_013",1124.18535450522,1124.79785527156,29.2147170086534,35.1546881183944,66.9174164318349,38.1469465509261,249.342094073543,12.7641286659537
"ACC_023",1132.2455354458,1133.35064821762,25.7197077414759,34.6020471301445,66.8520744192247,45.7505108266057,254.857553196381,12.3019480368398
"ACC_027",1284.60572442307,1286.58056335577,33.5947370910593,36.3682338219654,66.9527080445186,41.7510130750738,287.743142875018,13.9543659592247
"ACC_031",1253.9023443252,1254.52844220299,29.5724938746366,34.9393667060451,66.9106713230361,43.8394610414785,279.048655053694,13.9458212336044
"AFR_298",977.35934886563,977.886676196467,20.6694674102451,34.9837268529985,67.1278352616007,43.2616973809622,217.526345096612,13.6094129576452
"AFR_612",493.840420883992,492.195340533486,24.1781882751009,38.761229835973,69.4909978265752,33.37849101925,109.878711812188,8.68861192483198
"AFR_619",918.321459447373,918.364847586734,33.3081861045164,36.9896048252386,66.9179191124795,43.4953013482309,202.497222478045,11.2715931896738
"AFR_708",559.885052955,558.272361877517,25.3401712329461,37.6358389929017,67.8387846246687,34.9741458567259,124.128137728954,12.0481737176878
"AMADEUS",1948.75529403682,1948.02928553773,33.1564789576573,38.2096509370806,66.9574448521388,25.5765621484795,436.180726642972,13.9397433934595
"AND_277",458.807626374289,459.374527586057,17.877995553366,37.313358353987,67.4900245269699,36.171760945687,102.552844377057,8.07494918563756
"BNA_001",238.888779116306,241.633270945736,14.716336498899,37.9833328938584,65.8635484662336,44.1425052855738,54.2333049759173,5.1913337734662
"BNA_002",504.381150014621,503.24269261121,16.6473706210308,35.3245254627917,68.9654423458343,38.6453401728958,112.32381184536,8.89034323607495
"BNA_003",961.548196711844,963.104142721227,25.9657581665944,35.4107133406093,67.6251471272509,45.6389313641979,213.483049868051,12.1637830993662
"BNA_004",1600.87493201861,1600.62581273751,31.7164477270541,34.0840786344564,65.7217115547698,49.2969637671614,359.940657858266,14.4078796688222
"BNA_005",595.433015501669,596.472114291131,28.0016096653457,35.4710580805956,67.1595542341057,42.615040933643,132.661446603509,10.8235674212925
"BNA_006",635.827889227833,634.292614554671,31.4214313072919,35.7309545662865,66.7797534273728,38.1337796174787,140.600173899969,13.008712857135
"BNA_007",163.700224274969,163.000362596739,16.9598305334017,38.2306314858408,64.8827782005903,38.2518688871902,36.108018707064,4.44584688812058
"BNA_008",554.581682086232,555.061611599541,22.3150068723076,38.2279065043821,66.8442790690175,43.5647881427215,123.740381562443,8.02495075471291
"BNA_009",1107.5022902266,1108.33061152643,28.6722956328706,34.6491003775817,66.2107391855276,42.2379299615788,246.066829873762,12.6764795574953
"BNA_010",891.585628872191,892.252370473882,26.965705104583,35.1101956540511,67.6653974810531,46.402541645157,198.524575362273,13.0818020299115
"BNA_011",633.259338464946,630.865965239736,32.671481598934,35.5367756974704,67.2113697953437,44.8703522245829,140.28035874048,11.1785204227866
"BNA_012",1790.25286381556,1790.81199862827,35.0612028786552,35.9211807974997,65.4504546673145,25.6528931768349,397.243819717204,13.2931217371763
"BNA_013",632.096051367402,632.680275252714,17.1224775856319,35.1750197326569,65.4314941691588,37.8757723742166,140.683699066752,9.93916584924374
"BNA_014",1462.07208065252,1461.74364091703,31.8246309630459,34.2490353500775,63.3091801623036,42.1911015152586,324.383117165249,13.3166157135939
"BNA_015",1178.36709098756,1178.61354771129,25.8084176650322,34.5833536107473,64.8912728692122,43.9502933875611,262.343468068188,13.9813833519032
"BNA_016",1211.70244530524,1210.14857717436,33.8100728725119,33.9540246541322,64.9288156439001,35.1838815391862,270.727469637974,13.6571687224349
"BNA_017",877.308198459785,879.633557000537,28.3028508019792,34.908080784008,63.7242353085278,38.5126454683276,197.587754427891,13.9911038393205
"BNA_018",1140.61354401808,1140.07191621727,33.6315597979674,34.9751101682681,65.0514300165042,38.5222990736189,255.00101669129,14.0019146408345
"BNA_019",882.276490312536,881.898152678754,30.4177443696389,34.8904371544495,65.2091304668808,43.5527306149258,196.31057891167,12.4348283123374
"BNA_020",1086.54872976182,1085.79530804932,25.969785500513,32.8289574832309,65.6640855404005,42.5197680356024,240.25272612814,13.5000088241263
"BNA_021",989.060367331062,988.30138915161,31.5310587129986,34.4685351151896,63.1860308933085,40.5556065044075,220.37100167281,12.0688300539908
"BNA_022",1210.6274070146,1209.34402077675,33.9174857052858,34.093713636734,63.8291213886841,45.0183614275004,270.077868672803,14.3767131578542
"BNA_023",1244.20598129866,1243.40583157035,35.5432325948925,34.472124597629,66.2522524107308,41.0529652892382,278.519165058365,13.8906951635835
"BNA_024",1000.47905322746,1000.82520114754,25.5995151997595,34.4468207146483,66.2040207182945,44.432761907055,221.159319806992,13.5215240807839
"BNA_025",1014.85537829166,1014.90624900313,28.6173568840205,32.8221848783117,65.3399954143812,40.6298637167595,227.272502284599,14.0417966872814
"BNA_026",953.871101066967,954.871307304206,29.2325494295225,33.8026098477393,63.3560995088865,42.8819343953884,212.298653305485,12.8555390304724
"CAL_096",1164.22988449135,1165.58286296189,27.1013745231551,35.0181928651505,65.1455786314177,47.5793826153307,258.915126571981,12.8482398585242
"CAL_143",1343.09408804346,1342.09347633819,31.344131432406,35.2394351587681,65.9770959848741,35.0638279772972,298.432649310255,13.5845503047545
"COS_016",1258.11030169168,1258.53801885279,29.0095983394691,34.3132007463103,65.352221375188,32.6735756267421,282.131688573156,14.0611578478033
"DAA_002",1366.93269635199,1370.37950642509,23.8074191738575,34.0942127118275,65.5061772792805,51.2385874610303,307.976079315895,14.3161187527416
"DAA_003",1452.49954437731,1452.31775733342,25.2983866024566,33.2566447300203,64.5523413453624,44.6425926795405,322.936481767998,13.4465147776062
"DAA_007",1439.21720387571,1439.10363543233,30.2696548615305,34.3328587259595,63.7047325238883,41.0725691668913,318.974494197435,13.3639698989758
"DAA_008",1438.20816645835,1437.78646434171,32.7726299700471,34.9796326673685,63.7691395969814,39.399342021513,321.281815601588,13.7611013454016
"DAA_009",1373.17384165545,1371.48702120559,30.0117341646175,33.0476426778091,64.2840044678238,42.6507691105638,306.230454179451,13.7934949075966
"DAA_010",903.321488819752,903.850905480433,23.6864021722683,35.8551945388918,64.3163740371627,31.7809914123078,201.486082950148,12.1477115923132
"DAA_015",1875.34669565725,1876.82230708177,36.7683216664019,32.4733041591683,62.6641499344375,42.4423288459675,416.545446939444,13.2760748192871
"DAA_016",1362.26895716709,1364.60199078756,20.1884793872247,33.9748201329749,64.7695540499188,44.4250865966671,301.017183675935,12.8096560309192
"DAA_018",1546.15923412448,1544.96442739299,28.8242052805825,33.1005431085874,65.0063366441782,48.3767035311454,338.943541715837,12.4672991376945
"DAA_024",1949.66161247507,1948.96814388745,36.3059273219562,32.8671196634073,63.9883567927969,49.5106786460168,431.195697070599,13.4762394797165
"DAA_029",1093.01341505206,1093.70991596446,25.803435111546,34.2223151060275,63.3491295922756,48.6712501174527,243.999460561801,12.1478540607042
"DAA_030",1984.35246790387,1984.02471883946,39.7712692726935,33.5073985198225,65.6002988712836,52.1847435963272,442.317228109751,13.7380113259637
"DAA_035",1738.02464355007,1736.26958989086,29.3033334971374,34.1161525636295,63.6187356653026,46.5692636573574,384.643115235217,13.3792373523335
"DAA_044",1379.44022999418,1380.81836922041,30.820466524306,32.8209532724542,63.9633136587859,46.5531931395801,306.812938140985,13.41304723097
"DAA_045",1515.80400668736,1515.32682160832,27.5673626070532,32.5248003105415,64.3348231064298,52.891958834997,336.327772536526,13.8229233622652
"DAA_049",1937.88828203074,1936.30584888291,32.0370208551844,33.8741818851775,64.1723009925291,43.1643343753582,434.216286976966,14.560347602173
"DAA_051",1609.74370459708,1610.39547985665,33.6105409734077,32.5702354830581,64.117267563153,43.8119375305613,356.819041398878,13.3154786335454
"DAA_055",1517.81907028971,1518.95859841381,35.5333038118684,32.515739437255,65.0043829449089,46.4531006411283,340.288990513407,14.0219695959589
"DAA_059",1049.07291804592,1049.31174461173,17.7150674276826,34.1661730463328,64.9199353524727,38.0237755062477,233.753426321676,13.9458392045987
"DAA_060",1603.58260333202,1603.03524195856,29.802489588013,32.6075448614185,64.3732942339957,44.423598891295,355.744720083747,13.5761928547698
"DAA_062",1769.4040361821,1770.57040326789,35.6044195467961,33.675078308746,64.0581698123778,50.346956843027,398.469671149646,14.6707686114698
"DAA_065",1537.84655392879,1537.59684483031,30.6535308204052,34.501169995603,62.0259318417184,44.4978398707455,343.856725724089,14.0624520120083
"DAA_067",1295.69618228684,1297.42332127832,26.0102492643461,34.6929202128476,64.2938744956359,50.3722317402203,288.570991320155,12.859157222574
"DAA_071",1669.56872640046,1669.67207849694,29.2641667053515,33.2700027946029,63.6109886987317,49.8742232760351,366.960085975393,12.4546474826187
"DAA_078",1741.89490533667,1742.95497608424,27.5864576408454,33.0007526673059,64.544998498168,46.4670844862584,388.850093263514,13.6907676872398
"DAA_079",1472.38000316123,1469.23392596149,27.4415716206349,33.3992256588396,64.9834926235434,38.2247481802128,328.287950152851,13.8267838581553
"DAA_086",1443.85857450567,1444.3834242658,32.6175013567733,32.967322922548,63.9977540906664,40.7881885233619,323.306019298078,14.1392870753068
"DAA_088",2008.82747000289,2011.21891910239,33.5616623944387,33.2029547718855,64.7240246819222,47.3673399701025,441.142174702438,12.5408917603951
"DAA_089",1858.2669285801,1858.7123218811,26.0019772661946,34.5246110589001,64.3979557130136,45.3505342165606,413.012186040979,13.5922416269477
"DAA_091",1393.73701979963,1395.88345540649,23.4117538467029,32.2834032643416,62.2898986445718,42.8010897971705,308.715957194233,13.1661374276617
"DAA_094",1470.35885109018,1469.03429356062,27.6442058426228,33.0188253010117,64.8886172146403,46.2872587976712,327.859242653153,14.065345760993
"DAA_096",1831.22301230361,1829.0759022785,35.0774556336646,33.509513232358,65.0712630648542,43.0210260772146,405.70994867085,13.1474006276415
"DAA_098",2128.80804479723,2128.40696320837,39.4264852288558,32.3239279695431,65.2170453518115,46.9534841295438,473.822306648005,13.9572844287789
"DAA_099",1462.55537681954,1459.80499571105,28.922265996638,33.6479352615514,65.5484863230772,42.2450009224668,321.499821647527,13.0088222457266
"DAA_100",1749.63507223731,1747.3246936505,32.2644613803497,34.3595559285657,65.1521886508776,49.5695324062166,388.769433427492,13.8350320488123
"DAA_122",1684.55102935526,1687.38450878349,31.2257896369794,33.6382969133151,66.8013167599935,47.6074865579359,371.427549465329,12.7841291103447
"DAA_126",1686.09759633271,1686.68914056817,35.4684348455376,33.934553108839,66.7692812516119,41.0921429597377,378.832187134525,14.30622189154
"DAA_129",1340.79465058006,1343.60923882418,19.5883958944235,33.5082544938046,65.8777651558778,48.3521575087905,300.724015600428,14.0640181419207
"DAA_131",1673.43534552692,1671.96820848415,34.259879049712,34.0029567076018,63.7968173166701,42.8391292110422,374.916473082042,14.0571465967135
"DAA_136",1262.58518305822,1261.51410658398,17.8402049130576,34.0405432743662,64.6535073510728,42.0852426430119,278.548098852149,12.4268402800096
"DAA_137",1303.75552983392,1304.17649516569,36.9075281583747,34.1311278051331,64.9337378582987,38.5824506689066,288.867155087896,13.2669002912234
"DAA_142",918.54886789921,918.058922802051,30.5972884681222,34.2929105541106,64.9727549775478,39.5121398889896,205.675419580766,13.6892481974564
"DAA_145",1553.65662314772,1555.80284701159,32.7073097597031,32.5635478436239,64.8616916638812,45.7202009873339,345.303149627833,13.5676932894056
"DAA_148",1191.33741957137,1189.45151031144,25.6127623394041,32.6763041683808,63.6327890470422,42.9680549585234,263.699267127978,13.2485627099451
"DAA_153",1043.6699685843,1042.36585467501,25.747956981336,34.6678800092015,65.5260154543947,41.4740259573646,232.740025328666,13.5709067118533
"DAA_178",1389.86946938579,1388.95483640967,26.3159678723587,34.6206418649518,64.934442958824,39.9407094974076,310.155286575081,13.6763625368877
"DAA_180",1805.5719050719,1808.02337962674,36.5468305734001,33.5904408033412,65.2810581586764,52.232297220846,401.569142184024,13.742041263705
"DAA_181",1899.95260660281,1900.50066208945,33.5963927316297,33.7306068571894,65.6586308686468,47.1117486620071,423.487039487576,13.7193521077446
"DAA_182",1357.15430584731,1357.72714884546,25.7702384933351,33.7099886997266,64.3539487954731,42.8733811939155,303.450525497183,13.6604482763845
"DAA_184",2205.22982118133,2204.95886629556,34.7162386424859,33.2485614685795,65.1853096503228,51.110582771167,488.463199067036,13.5559148775928
"DAA_185",1533.38208183607,1534.61046228157,25.3257256503386,33.1963056519666,63.7878701856767,46.3913316431721,337.744672458345,12.8738611649863
"DAA_187",1890.85324909783,1889.31736295263,26.2678698769036,34.3140049884711,65.3164932259302,45.3777790310663,417.819918727567,13.0654280829093
"DAA_189",1115.33592322089,1114.97065745403,26.3566026908834,32.5704201533926,63.5983121386861,41.7090375640986,248.352047431585,13.5775890369809
"DAA_191",1636.96180960303,1635.12978894585,27.3683999837692,34.5627209940017,65.6581799956675,43.9791945890226,363.026968043866,13.57397324526
"DAA_192",1464.25376691136,1466.20520905275,30.6195779822406,34.7457927665747,65.5890546863138,39.8040583779337,328.100089492109,14.4999535061266
"DAA_193",1866.61888812868,1866.255925416,30.1737863116764,33.7980531717182,65.5711772023461,46.2926645164794,414.138707763235,13.7705441462386
"DAA_195",1787.50997181305,1783.06915173526,32.6414223570639,34.6059194202065,65.1903281151127,46.3022044507952,398.46664112334,13.6664875119122
"DAA_196",1732.86800364168,1732.20108070557,28.7697652860643,33.3110106819503,63.7789586394121,46.1814763959131,388.516435959406,14.0403165599664
"DAA_197",1704.88887672449,1706.85523704461,26.1616576476726,32.9915497717396,64.7107821343809,51.4383183655108,376.943176628717,12.9551900224268
"DAA_198",2032.63243395952,2032.26715539856,34.43541258538,33.3378277763243,63.6297171387765,47.9284873894365,449.010458596869,13.4599374644185
"DAA_200",2239.13506740707,2238.77894381752,34.9503671719846,34.533851939283,65.2288382629481,48.9800256885254,495.169122372887,13.1336119271125
"DAA_201",1758.5176165299,1758.11374786041,31.5529642195958,34.0122586475223,64.83604774966,46.6377669276561,390.505496333762,13.4507798942852
"DAA_203",1584.13803740139,1587.5110274756,32.9216927313427,32.6115269715815,64.456026144611,49.1520460795935,351.895528832564,13.2504282579876
"DAA_206",1430.42810424575,1429.99023448334,26.5295121227286,32.5805535062854,64.9705170580577,45.2456885290838,315.450152463265,12.9546668274935
"DAA_209",1818.27071390343,1816.14964271238,35.760845621362,33.4086338152521,63.8382466797048,47.5643139664484,401.704540140138,13.335889819762
"DAA_211",1824.99530719729,1826.69458324277,29.6303241179862,33.6349479034163,63.7654661152684,50.4890900789786,401.63955816011,12.7950844529555
"DAA_213",1959.11782420794,1959.05867489608,32.0009577358531,33.4610614010908,64.6869466084911,46.2663689820004,434.517184726018,13.3709746799406
"DAA_214",1637.41073164127,1638.35831621729,30.0310847035602,33.074704600526,64.6232490548211,50.3761879696118,365.460587735845,13.6037613577668
"DAA_218",1760.31561219023,1760.4881002464,31.4696803818906,34.5911342437795,64.1302489813283,49.2344988281898,393.403012864627,13.9653806579164
"DAA_221",2016.26200935513,2015.49885312504,33.0501324647282,32.2642051038472,64.6183533299092,48.2674144273245,451.688744876033,13.8110564707744
"DAB_049",1579.70515689114,1579.98637999148,24.1676952593451,36.6825959785625,65.939863864491,29.685421681033,352.916802204577,13.7881938333589
"DAB_052",1840.01846396631,1838.87733591413,27.6789147547626,34.8387070896176,64.1639954659976,28.9337926630464,408.471579683353,13.6811461157868
"DAB_062",1585.2818507809,1586.35569476878,33.411056826317,33.8469123688484,65.3185510352064,41.1489468392999,353.861697206916,13.8163093418808
"DAB_064",1710.30063239711,1709.78187107337,35.3959295388329,35.0122310393842,65.3998418277069,40.1298791318503,382.784256534223,13.7519086641093
"DAB_065",1208.96464864436,1206.56884580621,28.3371617347988,34.5396750502393,65.8246551157464,40.0807658942647,270.636508805109,14.2620172717344
"DAB_084",1339.4653415457,1339.82526771972,33.3619454303455,34.9211945238626,65.7037572431016,39.2514273539177,300.107173519879,14.4914009219475
"DAB_096",1069.68950320073,1070.87379802282,31.0145891802633,38.2095520207679,64.8935454540006,36.220006889771,237.986884094821,11.9735497281325
"DAB_106",1784.33875598836,1784.9759522309,35.369726232602,33.6985934936211,63.4501189662909,37.4777884990753,400.541988403741,14.3285465471391
"DAB_107",841.647800170974,841.199366125388,23.7866289064944,35.5991581783485,66.5600649766614,38.103256846245,186.55869519312,12.7908692414596
"DAB_150",1527.10467098123,1525.7240502817,30.95810797659,34.9712391893612,65.2869553238381,32.7140927345682,339.553750388201,13.5264007107655
"DAB_187",1582.21728194584,1584.55214571317,30.5259822450806,34.7913428947356,64.3802730916834,29.1512855411776,349.529109839183,13.0684226117807
"DAB_231",1712.25103802606,1710.61150479607,32.5681048119984,34.5511963423229,63.8975418645703,45.5147839229217,379.704132697713,13.0816471580784
"DAB_233",1402.89157626592,1402.74143394514,32.6416683219655,33.1814208556434,64.7258803955289,43.1852644364777,313.927444157968,13.9740940501914
"DAB_236",1534.5003228956,1535.74771794316,31.144609605705,34.0990610653604,65.2960878286163,40.3282269521079,345.600133583766,14.0573644410982
"DAB_244",1463.19443163774,1459.16389163677,28.8864892460489,33.8645657413651,65.1797038343126,42.2984601767596,326.185687944434,13.7435323787677
"DAB_251",1440.50219603818,1440.91708757204,29.5060819532105,34.3969097510516,65.5762619525868,41.9453610821069,318.601314476284,13.0981669211937
"DAB_252",1711.05063701726,1711.64961712734,36.1480728790128,33.3539431279153,65.4115334446088,41.5353396354975,382.541067010048,14.0952804555019
"DAB_267",1673.8908946499,1673.73946371593,32.260947101153,32.3343505711687,63.7874010738769,44.1304135728081,371.77525703097,13.7611682575197
"DAB_277",1504.00003814885,1503.88582330787,31.86850761293,33.2640561786274,63.0501025436472,41.5406677099625,334.942227362069,13.675108524265
"DAB_295",1591.54813080238,1592.37072610433,28.4412072415376,32.8367601816876,64.2287894832552,42.3576579679898,355.500033778491,13.8532324841887
"DAB_302",1643.47892347621,1644.05534857393,32.149089820288,34.5291974873495,64.4020550350962,43.6941459667711,367.837067657743,14.025360753376
"DAB_317",1347.57221463157,1348.82255471331,22.0704485127057,32.9425394967757,64.7919930764078,39.8643411999705,299.150546444513,13.4711131344188
"DAB_344",924.981861977965,926.471300511303,15.7079024843796,33.4919283425711,63.6781551480798,40.8647222239918,205.48639090315,12.1859867690048
"DAB_366",1765.38251671268,1765.7424268205,33.1935061104029,34.0310772995729,63.7809663517808,40.9971027782814,394.909414689244,14.0063501587735
"DAB_374",1664.93407032573,1665.3494485512,33.202636294911,32.7953633854871,64.495324843745,40.9180948844699,372.434885597198,14.002750480207
"DAB_380",1682.68582158513,1683.02892724327,24.9822461687463,33.819737830767,64.7059567712638,47.6398054495979,373.376856592369,13.2916406151547
"DAB_396",1871.81130244346,1871.65299641006,33.832618749426,33.9217150388328,64.5048747624877,40.7976230533558,419.517619746515,14.1797912071933
"DAB_398",1300.13196177888,1298.82569138726,26.869881444584,34.7253021710964,64.2979802964766,37.9451699097819,291.235117979041,13.0299112121849
"DAB_402",1750.20065605456,1752.09052151141,35.9680230914859,34.3288965786166,64.9987303399625,48.2659025515336,391.837108009779,13.7915099397181
"DAB_441",1225.80969707011,1225.75664476967,22.919360606184,34.410887284521,63.7467179598192,39.463652598964,273.664324359232,13.7657459941241
"DAB_489",1718.29635466841,1717.58956119471,32.0641222294182,34.0497024948844,64.1518267874786,43.2792537510692,384.84815044872,14.154078400152
"DAB_494",1872.25076686712,1783.185106518,33.9521379737562,33.4019358476878,64.8997259532192,42.6269002201419,397.356709380503,13.7284295630452
"DAB_514",2157.48900426614,2157.2728856186,31.4937642961496,34.6503887237925,64.2441365642536,46.2989316946819,479.998228426233,13.5451541908791
"DAB_520",1444.37902037024,1445.76786451222,32.3938620264301,32.2319327435857,62.4130521786001,42.2455298924728,321.553413463677,13.5053712086629
"DAB_525",1500.6610520588,1499.74439488052,29.6893142884895,32.5372013702894,62.9328169017356,44.0436780565883,332.883701359664,13.2420149544568
"DAB_534",1819.93353830369,1818.50662495615,31.818189566229,33.2682241563432,64.7891445792675,49.5784618327186,404.642695071899,13.6401505190331
"DAB_545",1198.14988593176,1197.56768265433,25.2621261367433,33.380678515252,63.7318889380192,41.5828696415878,268.830596511666,14.1578980434595
"DAB_549",1293.49347795097,1293.21522773592,25.9161258888963,31.7516189576704,65.3676769616361,42.6124793592453,290.462320283603,14.102319344752
"DAB_555",1554.85066881204,1554.90027964609,33.0624053532519,31.496129945954,63.1917852518218,39.6660295893917,345.449018932478,13.5658010280995
"DAB_568",1833.51507483116,1829.58242465083,33.2141387479918,34.0325268038765,65.3793189874671,44.391517344621,409.502322787342,13.9599083283459
"DAB_569",1648.88604770356,1648.46935840639,32.221289927583,34.6146503216916,65.9301022354205,42.64883768578,366.239668714674,13.5863791884864
"DAB_571",1525.60970739931,1526.12837916674,30.4424190832402,37.1788897433729,65.8642671252865,41.1551601546629,341.558624466771,13.7472050136309
"DAB_573",1242.54331670318,1241.21865261613,28.3151928812795,36.6848648543243,64.4949972075958,36.958026711673,277.252783567235,13.1255521779734
"DAB_576",1131.47585404876,1129.99153827739,23.9282217218984,34.0017664395464,64.5930441273571,46.6087467881997,253.429134246118,13.7316271736697
"DAB_577",1571.9649213973,1570.66330672423,30.6683179309427,34.3435260678417,65.2210298341741,51.3880323309034,352.244070272286,14.1375407019979
"DAB_583",1508.57788794133,1507.14175912853,36.0794489760712,31.6014999320139,63.4710978610986,42.1624721105757,332.899294422866,13.0854509289571
"DAB_588",1471.88045813207,1472.18465285502,32.5092720286999,34.5807426976271,65.7437281435577,37.5981696116639,330.180406906047,14.2114966883618
"DAB_593",1695.74560937107,1694.12221635246,27.4290012981164,34.2775478797721,64.1789813771538,40.6228346372903,375.754779845097,13.6333074902172
"DAB_600",956.408542591969,956.278879958454,21.348443523206,35.8646455690138,66.4065552688217,45.8552923295076,213.711428881002,13.5190792124593
"DAB_604",1691.40631451259,1692.17894809974,31.5621613279927,34.1616069669328,65.2502929004615,44.7020923225612,378.124105523873,13.8374762444426
"DAB_605",1597.97386291422,1601.57775632398,31.8925077256778,35.1614607298017,64.6016154842503,37.4929795989053,350.585304888947,12.4088865533309
"DAB_609",921.303885524426,920.574384597415,28.8611451120873,34.8444647615337,66.9185728232717,36.9014707349683,204.183512334618,12.6339869015827
"DAB_614",1644.57963943294,1646.34090823685,33.3047833438525,33.389379452854,64.7261885972125,41.9603392059507,366.430185601667,13.6820741951391
"DAB_615",1562.04628924399,1565.72581559249,32.3253323986834,33.5366599930179,64.3308082388083,40.73961447701,351.66436190675,13.9578427626914
"DAB_616",1219.21606800325,1219.77509633459,28.3404703269029,38.0434444227804,68.1452947833858,37.0554339833682,268.366494010998,12.6460430454483
"DAB_617",852.46216842218,853.129691999467,26.70469265462,34.2791249776192,62.32476452737,34.1505344055206,189.918138765972,12.5445454030414
"DAB_621",1564.36157902477,1563.34348052346,28.3295141392039,34.4335785418778,64.5060360068541,41.0364559870201,344.775687978056,13.0627598939655
"DAB_622",1670.52021657355,1673.41003632228,31.3747308975575,34.5096104537541,64.588747654507,40.0304372314948,368.794694392191,13.0319814088792
"DAB_624",1603.69417179162,1603.8085172757,33.127793014486,33.3957837849158,62.7896460531826,40.8367605296769,357.492040643405,13.8984049663081
"DAB_625",1454.45698001065,1455.33819607129,26.3549165351192,34.8854704543527,65.5434129264727,40.6544817462297,323.086085655609,13.3051779331854
"DAB_628",1642.0868179465,1639.01722988078,31.7304279357104,34.3680730941884,64.1724097845406,42.3443359923749,364.489616849877,13.4821374400883
"DAB_630",1444.25165400678,1443.64682425934,28.0233530103479,34.0778252177978,63.9800897299118,40.5298219085568,320.65415097662,13.4564719111837
"DAB_633",1446.83760109688,1447.15631506833,35.5134903040954,31.2144380246674,63.0412046483271,37.9478783895728,323.516784053937,14.2039015048332
"DAB_900",2059.72643439584,2057.61824530716,35.5485389727398,32.4391865876759,62.3602428710432,39.8102193375957,460.702725969611,13.9704165483127
"DAB_902",1648.9145559298,1650.48265086658,30.0527537876055,32.4895229792477,63.5358230788976,45.8233362236841,366.923693073674,13.7930008519
"DAB_903",1877.41330279791,1874.34776175811,33.5803321141381,32.757263868505,64.5860436419886,41.8466704968893,418.119077625542,13.5862914334579
"DAB_906",1636.23748437523,1637.61597700929,30.8063040541701,31.8073464248528,62.9019842388526,40.7005792610263,365.801581715585,14.0107711269816
"DAB_910",2110.17139746878,2110.4202838372,34.0883780453054,34.3161616477304,64.7193487453893,43.6301546911205,473.672160879207,14.5286328941653
"DAB_914",1584.91945104523,1583.8984561989,33.9743229262875,34.3167705058737,65.9658957586784,43.562557315402,347.361111573711,12.7303082025853
"DAB_915",1536.63595438302,1536.66792366167,24.9840336555833,31.745342245313,63.4456322763026,42.4339583360258,341.490392574521,13.309171873192
"DAB_916",1169.14752605185,1167.85246360778,29.6287704130073,33.5062518994736,64.4219381480582,40.20398939505,260.761878248637,14.0059047544257
"DAB_917",1195.53148330228,1195.63521636024,27.9248258598851,34.102221032897,64.6985065842928,41.9857270529466,263.576891687604,13.1091114044112
"DAB_925",1137.18402819731,1140.0208683091,24.0149326517171,33.029920745217,64.9847768482926,39.4643285903727,255.244760043389,14.0996769172916
"DAB_926",830.61261148603,833.94711258299,15.0453971103362,34.1677824225307,65.6103135076013,36.835169638943,186.240242533998,12.0434605478558
"DAB_928",1038.52454782432,1038.46806691656,23.7132634544282,32.2045565109569,62.8763446349253,34.5292373917525,229.46823123618,12.9010261316194
"DAB_930",1128.52547851386,1128.93506232202,21.1189572328921,32.4770058479196,64.6138465742441,44.7516141812506,252.32830491064,13.844166393941
"DAB_932",1098.1041843732,1097.32052973772,37.722922280756,30.747855111965,61.2172079020063,41.0845416809074,243.754220321166,13.4821942667189
"DAB_933",984.771186853928,984.194902268578,18.130967013409,33.6925113453019,64.5745018328103,38.9370287226844,218.757637382553,12.2601580330956
"DAB_934",1123.01404156523,1123.16515132726,25.4699536246569,34.3174514882409,64.526931135145,32.4029065857071,252.6421873151,14.0810456134571
"DAB_937",1325.58926649537,1325.6116053121,31.3195655538692,32.4066580725736,60.9493055087661,40.3281797632874,294.599178826862,13.6814175966353
"DAB_939",1402.97213279868,1403.69764885077,22.8053416033849,33.1267699566895,65.2275808283254,40.4116999080692,310.105229383413,12.4219586412529
"DAB_940",1412.30712082105,1412.28170235951,24.9229762691724,32.2607947525708,65.2526657898474,37.2955472063928,315.884640107075,13.7981238370264
"DAD_019",756.940062728473,756.648609936351,22.4817436671397,36.5537894797732,66.1153162576334,40.3218753157408,168.855062555539,12.7694207898525
"DAD_587",1315.53988108881,1315.47890650241,29.3953185657209,32.4916858106521,64.430083338356,41.6985082149128,288.361239693918,12.7187370071935
"DAN_001",691.988258348963,692.679544400368,11.2892612527085,35.145996505467,65.2316710599835,42.0977851508767,153.654041937714,12.7373200053403
"DAN_015",635.54559759159,634.878328407339,12.4631493518754,34.6837883888411,67.522925971187,42.6574687385965,141.179397231599,12.7716272066036
"DAN_016",1770.62949792284,1769.94840566238,34.8959452401789,33.7694342277475,64.8222815417856,46.9421043330112,394.803828659249,13.5062841725087
"DAN_022",1868.3714799111,1869.02903341965,33.7718163616667,35.4387894476828,65.5575365574542,43.5818828775754,418.08399612792,13.7177821199593
"DAN_029",1070.01802850297,1073.38935222586,24.821049660182,34.2278796570988,63.8183175925095,45.1935503387195,239.120790488907,13.5360504770087
"DAN_043",1253.59907797539,1255.01164513896,30.4223874278371,34.2128761854973,65.2410571268923,47.6040551356656,279.289921488599,13.1047969271065
"DAN_057",1634.95981401923,1634.90788858907,30.411679238726,35.28831855407,65.547799032878,51.675950075416,361.866446461852,13.2067458532479
"DAZ_004",1107.36742848583,1108.78570680007,27.7930016558317,33.9568647867677,64.4766296969539,45.0555444470792,245.617689119328,13.0090484370507
"DAZ_005",1141.17407603702,1141.16498007634,25.946150534891,34.6859067738407,65.1385578037327,44.1723141465815,255.729118881293,14.168484240072
"DIACOL_CALIMA",1064.60813292446,1064.33710765378,29.7066517786519,34.5090453067262,63.997876093556,32.2458620073058,236.422059155212,13.4789649552317
"DICTA_17",1944.73426287495,1942.24875455653,31.2240187810971,36.1043550293233,65.6453194748724,30.1830932600166,432.129055625496,13.5613327317588
"DOR_364",1704.05055597618,1703.277571012,29.9703791315538,38.7332938303479,67.2670050509777,23.3467666644203,380.829570805243,13.9413494186803
"DOR_390",1803.47306269492,1807.03331199388,30.0660159534359,39.6314852644438,64.997299691338,23.8894109041775,397.584645084779,12.4584732663338
"DOR_500",1729.71235126067,1728.71102005013,33.1863574930318,38.0378976868027,67.601719971304,17.1946838904446,386.780979802744,13.882028971278
"DRK_149",1302.07483697703,1300.10836788958,25.8243256310307,34.530845823639,65.2906758362551,50.4076505269833,290.585196664189,13.487338285935
"G122",1086.36547974862,1087.41539045358,29.591786189204,32.7091184440857,62.0311951226242,32.2099027104093,239.572519022687,12.8206708622562
"JAMAPA",1523.95412601314,1523.79178658274,18.5868443409806,39.0307986908427,67.9928500830169,21.0550458025948,336.910581039848,13.2498169931354
"KAT_B1",1266.59777769159,1265.9350044171,29.3795820085973,32.0736862953305,63.689791284339,35.5003444676821,283.171984854891,13.4192210292379
"KAT_B9",1143.23458391854,1143.96123795141,29.0840086534866,31.6826817671638,63.3889264291548,32.4475650389036,256.82313300241,14.257573940077
"LPA_435",826.875417748316,826.703979007775,28.5021125023706,33.1349109991205,66.7609006150469,47.6992424043392,183.810655411906,11.8740045135737
"LPA_512",1226.31807687512,1223.29489015613,27.0134197332984,35.4034996790095,64.7779721704728,42.1915658101805,271.816782628792,13.2954347782798
"LPA_610",1270.65277359548,1269.43458900872,26.5311405437027,35.0886026058619,65.1288645606837,41.5737819065338,285.746955298903,14.4934742463024
"LPA_714",346.690897165467,347.281051035671,10.1359318869073,38.35334433366,68.6940042795993,41.9402310725068,76.8396869696884,5.96631443340041
"LPA_732",1375.59844445362,1373.95771535057,29.5359625006076,34.5828013916605,65.3796542774623,43.419471480119,305.263513715331,13.758760139772
"LPA_778",980.857294773922,981.472114014571,25.6068034289633,34.6926843843746,66.4634012168774,48.0520609950351,218.9558229414,12.9060176846142
"LYAMUNGO_85",886.156097176159,883.707062298161,31.0954542857853,37.2531359618155,63.8402684725595,34.9123232855648,195.555330377535,12.5692443134091
"MIB_465",1568.78808487494,1569.12167198731,33.4550919428975,36.7844870048466,67.3951649346078,20.9958881005261,350.342094928498,14.0782656823484
"NDZ_001",1170.10644036746,1172.09921472306,27.870641674087,34.5002404787965,65.3582401664575,37.3662572046901,260.10881262523,13.3820437271781
"NDZ_012",1307.48215785872,1307.41322669435,34.4019947566443,33.254118246563,64.8705561226482,39.7835804425954,288.512509820486,13.1610784655421
"NUA_035",1181.7131826042,1183.23735277426,28.6461472281447,35.325317280551,65.0301498977545,44.1128819959279,262.892533682428,12.1743787796192
"NUA_184",815.117462609524,815.753575666641,29.9377932021426,38.5615287509268,67.5651842530851,37.5339077595109,181.680056937997,11.5645851487457
"NUA_289",112.143180041697,113.12858844885,7.51323155384477,39.0971221024139,68.0910642228185,38.5545586096898,25.4969946120244,2.36158359100755
"NUA_326",384.262994167852,383.15807433822,15.8057950656799,38.9738887041895,69.5004031105063,42.7106371885043,84.288132566737,7.72014083799165
"NUA_463",554.55973181741,555.777833493381,12.718330113275,37.5195568272512,71.8099837654648,35.7359219032763,123.818975183962,5.33068675180131
"NUA_540",516.970051787906,517.240510339103,14.6711257829589,39.657248664806,68.1802758306016,37.9284126580748,114.97292199362,6.68447002640562
"NUA_548",540.980459681035,541.711151857438,24.1082245867274,38.5094739382951,67.006897524773,33.7506874559949,120.663460532561,9.84316647170923
"NUA_560",730.799622473575,732.243652947032,27.1647741867498,35.2200533342542,67.5618859200643,34.0897290203403,162.501695336649,10.2876169497194
"NUA_671",593.418727483592,593.302049756885,15.1067661925104,36.7671528520878,66.3441331941159,23.0709122040564,131.001343667016,8.20698987746117
"NUA_711",1350.73540352598,1350.54773498172,31.0654588659574,37.2996310016428,65.4342513020706,42.8210970967525,301.512472597729,14.2103438084388
"PVA_773",932.959958704598,933.632342949643,27.4762766172642,38.0212364798954,66.1036575521296,33.057841403493,207.932064779181,13.6115611522106
"RAA_021",1492.11196857725,1490.88330801984,30.1652542068389,36.5322560949331,64.7989421549324,35.5343844612006,334.526554537282,12.6260552850039
"RAA_030",1650.8636788186,1649.55118839762,33.0735184688239,34.5558638305358,64.0642900131235,40.0967347767324,365.063965401263,13.015487759137
"RAA_034",1194.74049995144,1195.72167033075,25.0985267800156,36.569508131644,65.8606899662129,34.26179537824,267.068826656741,13.6215701832287
"RED_CANADIAN_WONDER",1083.40614390207,1080.45733748617,28.7134616710498,33.4932434166187,64.8206064799806,27.717625990243,242.309504691385,13.6239782301728
"RMX_008",423.094478512919,420.843303565285,14.6923035606141,36.6857096825953,68.5293903687042,23.5164054752437,93.6024741813581,7.26803600604952
"SAA_015",987.963282807812,988.576883596012,19.4686910466352,35.401032352516,66.2755260251765,42.4183073883431,220.415573245669,13.3208560703989
"SAA_017",915.447913820523,914.897407939858,18.096263876719,35.2361746636972,66.3434162088542,45.2544299526581,203.383829904315,12.1838885929057
"SAA_020",784.977600456449,782.249708837402,15.6764894625376,34.1159484719795,65.701491890188,43.5214169160835,173.453053283083,11.8101427435395
"SAA_021",860.940352893925,861.05980341534,17.918178272977,32.6464141404749,66.0000984971319,40.7380727278908,191.209586547435,12.6400250032858
"SAB_259",1285.97930580992,1284.11589447641,32.5849850097333,34.9107300714484,63.1377521575982,31.7379925188642,285.946622345037,13.9802138724964
"SAB_516",1142.16498329452,1142.28871045632,21.7766737280788,33.9597290727579,64.4397434711163,40.3279724446996,253.37249961749,13.3261334802671
"SAB_560",1344.76279221265,1343.62546194804,31.1146557587456,33.6686845860125,63.0699741852548,35.3504103633382,298.49939839069,13.4883405598827
"SAB_568",1395.79874420719,1396.60712196107,30.0851393044597,34.1492776813488,65.1283852166716,40.0125652591537,311.711042432976,13.9175116116008
"SAB_576",956.70004921027,955.950423012702,22.7178724167472,33.8156148462018,65.2233326461756,43.712644016001,211.914060961955,12.3570608799146
"SAB_626",2045.60812865673,2046.25357117743,36.6998640272772,33.4040025380626,64.3854782368714,41.3770833756335,458.112864073072,13.9093987733796
"SAB_632",1240.27838365099,1239.123162985,28.2329072103615,31.9830972187228,62.6313766230997,37.4742492048494,274.98137758589,12.7659695568134
"SAB_659",1629.64963501341,1629.97414883207,33.3448060764891,33.5711460017953,64.4281760424492,44.415758621653,363.129103096906,13.5743082853505
"SAP_001-15",1503.81163996971,1503.02550242724,36.327177231129,33.2873330718237,62.6905884507922,42.9175654565034,331.439157091911,13.0155496669182
"SAP_001-16",1016.69317580331,1016.6758485187,18.7491565012307,33.4177672093782,64.6250648788956,40.1792840170394,225.77301584726,12.9070118274774
"SAR_003",178.528189690644,180.018197932993,10.4314261225086,NA,69.6130531251675,26.047987447043,39.7724769989092,5.00296899296999
"SAR_004",NA,NA,NA,34.8390678492685,NA,NA,NA,NA
"SEA_005",848.04896828027,847.001068372857,11.5595003967711,37.6804582954939,67.1741002880409,27.6084856594224,187.189437315427,13.1067082404694
"SEF_060",2167.2373524219,2165.42990603503,36.9610224840822,34.1274326299091,64.3627845168128,26.4883417514782,479.533922845344,13.4440329822068
"SEN_056",2148.16216164685,2148.74401029259,31.1008349493938,35.4234251152146,67.1948488443877,29.7606222645413,476.024479516739,13.6276756168979
"SEQ_1003",1459.31770478154,1459.40116144225,34.8943875431165,37.2778538064746,64.0324542576683,37.7858671006889,325.440628564741,13.6637503323145
"SEQ_1004",1241.2994178087,1241.84775017704,29.9062239755172,36.0862806280085,64.9509383651732,35.2459264264285,278.567568383128,14.2848023834534
"SEQ_1006",1674.99785623294,1674.53227514109,30.4292832040468,33.589295589606,65.6035762104105,42.7730281918089,374.835557587624,14.1612230643214
"SER_016",426.797212497536,427.450019219374,8.57709576083586,37.6559128115469,67.4905289927707,30.0937414719156,95.236308101296,5.18029959818521
"SER_118",2389.62716897385,2390.17850115408,35.8060711403091,37.6021876107295,66.486618759261,29.2003325722541,532.453210350761,13.8014552162134
"SMC_033",1124.20618674608,1124.60388705867,37.8955114479989,38.5229661434228,64.75717326468,28.651641265368,249.834655384524,12.5291922614029
"SUG_131",1175.32046227074,1174.65243899828,33.207038977073,35.17862209516,65.8873597806502,37.8156821651742,263.083827000228,13.8824556533375
"TIO_CANELA_75",2058.38327341822,2059.26250375255,32.1171276908575,36.5885026830675,67.788995280716,18.3047957431672,463.773802947406,14.4104637513489
