"line","YDHPL","PLHA","SW100","TSW","POM"
"A_154",NA,NA,NA,NA,NA
"AAB_001-b",NA,NA,NA,NA,NA
"AAB_011",NA,NA,NA,NA,NA
"ABD_054",NA,NA,NA,NA,NA
"ABD_058",NA,NA,NA,NA,NA
"ABD_066",NA,NA,NA,NA,NA
"ABD_185",NA,NA,NA,NA,NA
"ABD_206",NA,NA,NA,NA,NA
"ABU_001",NA,NA,NA,NA,NA
"ABU_002",NA,NA,NA,NA,NA
"ABU_003",NA,NA,NA,NA,NA
"ABU_004",NA,NA,NA,NA,NA
"ABU_005",NA,NA,NA,NA,NA
"ABU_006",NA,NA,NA,NA,NA
"ABU_007",NA,NA,NA,NA,NA
"ABU_008",NA,NA,NA,NA,NA
"ABU_009",NA,NA,NA,NA,NA
"ABU_010",NA,NA,NA,NA,NA
"ABU_011",NA,NA,NA,NA,NA
"ABU_012",NA,NA,NA,NA,NA
"ABU_013",NA,NA,NA,NA,NA
"ABU_014",NA,NA,NA,NA,NA
"ABU_015",NA,NA,NA,NA,NA
"ABU_016",NA,NA,NA,NA,NA
"ABU_017",NA,NA,NA,NA,NA
"ABU_018",NA,NA,NA,NA,NA
"ABU_019",NA,NA,NA,NA,NA
"ABU_020",NA,NA,NA,NA,NA
"ABU_021",NA,NA,NA,NA,NA
"ABU_022",NA,NA,NA,NA,NA
"ABU_023",NA,NA,NA,NA,NA
"ABU_024",NA,NA,NA,NA,NA
"ABU_025",NA,NA,NA,NA,NA
"ABU_026",NA,NA,NA,NA,NA
"ABU_027",NA,NA,NA,NA,NA
"ABU_028",NA,NA,NA,NA,NA
"ABU_029",NA,NA,NA,NA,NA
"ABU_030",NA,NA,NA,NA,NA
"ABU_031",NA,NA,NA,NA,NA
"ABU_032",NA,NA,NA,NA,NA
"ABU_033",NA,NA,NA,NA,NA
"ABU_034",NA,NA,NA,NA,NA
"ABU_035",NA,NA,NA,NA,NA
"ABU_036",NA,NA,NA,NA,NA
"ABU_037",NA,NA,NA,NA,NA
"ABU_038",NA,NA,NA,NA,NA
"ABU_039",NA,NA,NA,NA,NA
"ABU_041",NA,NA,NA,NA,NA
"ABU_042",NA,NA,NA,NA,NA
"ABU_043",NA,NA,NA,NA,NA
"ABU_044",NA,NA,NA,NA,NA
"ABU_045",NA,NA,NA,NA,NA
"ABU_046",NA,NA,NA,NA,NA
"ABU_047",NA,NA,NA,NA,NA
"ABU_048",NA,NA,NA,NA,NA
"ABU_049",NA,NA,NA,NA,NA
"ABU_050",NA,NA,NA,NA,NA
"ABU_051",NA,NA,NA,NA,NA
"ABU_052",NA,NA,NA,NA,NA
"ABU_054",NA,NA,NA,NA,NA
"ABU_055",NA,NA,NA,NA,NA
"ABU_056",NA,NA,NA,NA,NA
"ABU_057",NA,NA,NA,NA,NA
"ABU_058",NA,NA,NA,NA,NA
"ABU_059",NA,NA,NA,NA,NA
"ABU_060",NA,NA,NA,NA,NA
"ABU_061",NA,NA,NA,NA,NA
"ACC_001",NA,NA,NA,NA,NA
"ACC_002",1880.22308698555,28.4798262715318,34.569344681638,292.148284498175,13.7024543425507
"ACC_003",1898.96534881636,21.4821915521579,40.6896411721995,204.240752106988,12.88918097185
"ACC_004",2455.40064386224,16.9675860605912,35.6923407538441,208.560876702169,13.5043083157474
"ACC_005",2608.64555417896,16.5404536822387,36.5882581113373,209.468255538382,12.9716573846787
"ACC_006",NA,NA,NA,NA,NA
"ACC_007",1635.72234549723,11.1224360381081,30.4091590150603,100.604072448568,13.2334498210728
"ACC_008",2099.57275341759,17.6823523165233,36.4169019458921,218.597450137021,12.4760001224051
"ACC_009",2500.1848680289,15.2211962232291,36.0230464299257,197.635178173871,12.7847201517021
"ACC_010",1803.41075305513,20.9710889736667,31.3351640029355,198.749468542909,13.0231888108843
"ACC_011",1841.87520347887,24.9294261102011,36.6166764985358,222.867432263668,13.3324596385687
"ACC_012",1751.71988192336,23.568189714465,34.5935337818279,204.624841256669,13.2752357528726
"ACC_013",NA,NA,NA,NA,NA
"ACC_014",1615.31788150044,13.9667044577516,32.2966483175055,127.594846913242,13.0224075831368
"ACC_015",NA,NA,NA,NA,NA
"ACC_016",NA,NA,NA,NA,NA
"ACC_017",2029.82801446744,20.7826738491713,36.586662673843,213.423952531349,13.1191830252433
"ACC_018",1641.42946995469,26.6454710342378,32.5470790543607,259.594760162762,13.0417957997309
"ACC_019",NA,NA,NA,NA,NA
"ACC_020",NA,NA,NA,NA,NA
"ACC_021",NA,NA,NA,NA,NA
"ACC_022",2090.99208714768,16.2195822359982,32.737739254302,169.606485820763,12.623572232123
"ACC_023",2543.90054030623,17.9533262428036,39.4648087296688,240.19952483727,13.809644959863
"ACC_024",2484.68243314997,24.8139962941991,37.6705585329773,363.178111215631,13.7624980391634
"ACC_025",1398.48245573272,21.8654670425638,30.6482218587319,146.69145759694,13.0915811061259
"ACC_026",2241.44585930465,19.354787497543,34.4663591429508,222.164770361544,13.3091034188247
"ACC_027",2290.42896644618,16.024959126717,34.1515751607459,198.680399362579,12.9616289733974
"ACC_028",1675.62206808561,32.1469546724327,33.293491769389,262.361574096363,13.333463960393
"ACC_029",1922.01763525356,18.9683057642122,39.5150603806589,200.168371233908,13.0379738695607
"ACC_030",2294.91609428366,15.6302983715849,36.7796651681811,183.287471734985,12.8807845009345
"ACC_031",2515.58879149035,18.4003308687718,38.4895782597241,258.654781925652,13.9560942240249
"AFR_298",2498.39762180737,25.86682673129,41.0390220633373,354.8525722145,13.6826766131276
"AFR_612",NA,NA,NA,NA,NA
"AFR_619",1279.18823714078,26.2261800988072,33.918831753183,161.910083797998,12.6507900245095
"AFR_708",NA,NA,NA,NA,NA
"AFR_722",1702.15512157475,20.7939105808117,38.3929144761864,173.256196851322,12.8764364539777
"AFR_735",1789.9476284483,23.3969061100642,37.0257536907038,220.327546970483,12.7153490404901
"ALB_252",NA,NA,NA,NA,NA
"ALB_252-01",NA,NA,NA,NA,NA
"ALB_252-02",NA,NA,NA,NA,NA
"ALB_252-03",NA,NA,NA,NA,NA
"ALB_252-04",NA,NA,NA,NA,NA
"ALB_252-05",NA,NA,NA,NA,NA
"ALB_252-06",NA,NA,NA,NA,NA
"ALB_252-07",NA,NA,NA,NA,NA
"ALB_252-08",NA,NA,NA,NA,NA
"ALB_252-09",NA,NA,NA,NA,NA
"ALB_252-10",NA,NA,NA,NA,NA
"ALB_252-11",NA,NA,NA,NA,NA
"ALB_252-12",NA,NA,NA,NA,NA
"ALB_252-13",NA,NA,NA,NA,NA
"ALB_252-14",NA,NA,NA,NA,NA
"AMADEUS",2741.14957573427,21.2388978535491,22.7123606755621,346.959507919962,13.799214505291
"AND_277",NA,NA,NA,NA,NA
"BAT_477",NA,NA,NA,NA,NA
"BFS_010",NA,NA,NA,NA,NA
"BFS_014",NA,NA,NA,NA,NA
"BFS_029",NA,NA,NA,NA,NA
"BFS_032",NA,NA,NA,NA,NA
"BFS_039",NA,NA,NA,NA,NA
"BFS_067",NA,NA,NA,NA,NA
"BFS_079",NA,NA,NA,NA,NA
"BFS_081",NA,NA,NA,NA,NA
"BFS_084",NA,NA,NA,NA,NA
"BFS_085",NA,NA,NA,NA,NA
"BFS_089",NA,NA,NA,NA,NA
"BFS_095",NA,NA,NA,NA,NA
"BFS_101",NA,NA,NA,NA,NA
"BFS_103",NA,NA,NA,NA,NA
"BFS_112",NA,NA,NA,NA,NA
"BFS_121",NA,NA,NA,NA,NA
"BFS_124",NA,NA,NA,NA,NA
"BFS_125",NA,NA,NA,NA,NA
"BFS_129",NA,NA,NA,NA,NA
"BFS_140",NA,NA,NA,NA,NA
"BFS_141",NA,NA,NA,NA,NA
"BFS_142",NA,NA,NA,NA,NA
"BFS_143",NA,NA,NA,NA,NA
"BNA_001",NA,NA,NA,NA,NA
"BNA_002",NA,NA,NA,NA,NA
"BNA_003",NA,NA,NA,NA,NA
"BNA_004",NA,NA,NA,NA,NA
"BNA_005",NA,NA,NA,NA,NA
"BNA_006",NA,NA,NA,NA,NA
"BNA_007",NA,NA,NA,NA,NA
"BNA_008",NA,NA,NA,NA,NA
"BNA_009",NA,NA,NA,NA,NA
"BNA_010",NA,NA,NA,NA,NA
"BNA_011",NA,NA,NA,NA,NA
"BNA_012",NA,NA,NA,NA,NA
"BNA_013",NA,NA,NA,NA,NA
"BNA_014",NA,NA,NA,NA,NA
"BNA_015",NA,NA,NA,NA,NA
"BNA_016",NA,NA,NA,NA,NA
"BNA_017",NA,NA,NA,NA,NA
"BNA_018",NA,NA,NA,NA,NA
"BNA_019",NA,NA,NA,NA,NA
"BNA_020",NA,NA,NA,NA,NA
"BNA_021",NA,NA,NA,NA,NA
"BNA_022",NA,NA,NA,NA,NA
"BNA_023",NA,NA,NA,NA,NA
"BNA_024",NA,NA,NA,NA,NA
"BNA_025",NA,NA,NA,NA,NA
"BNA_026",NA,NA,NA,NA,NA
"BRB_189",NA,NA,NA,NA,NA
"BRB_191",1843.93854241385,7.37192753725492,24.9728630475258,43.1510592178401,13.1345290806573
"BRB_193",NA,NA,NA,NA,NA
"BRB_198",1810.97949256622,21.79010055594,42.0722688545367,206.649273465625,12.652110055739
"BRB_215",1837.34299656392,17.9311964490129,36.7468765241737,162.904360971175,13.4088614307897
"BRB_264",1495.93736274547,28.9407952871961,32.1130679781712,185.366395764034,13.042165836119
"CAL_096",2115.75318603303,25.7794449952008,40.4850018226243,293.653714042133,13.0117743712569
"CAL_143",1686.11037711497,20.3000795158422,27.722672139328,193.313851255814,13.2212051255769
"CMB_004",1811.04868492028,24.9969339333931,36.7546218584715,235.293050767459,12.4768304845174
"CMB_006",2191.47882268115,22.1212872148387,34.3476160138065,260.585431622773,12.5861710655626
"CMB_010",1624.49205540871,26.0611116693326,36.3226702807356,210.571270004476,12.6967183466593
"CMB_012",1796.96311367718,26.9850298186572,33.4918009517495,276.594487314092,13.7581014915599
"CMB_014",1466.2362801762,27.663578224953,30.805979095529,210.608090984629,12.9684389161516
"CMB_016",1756.28811561859,27.8082136626421,36.7667815347155,228.626960448048,12.7316225946799
"CMB_018",1353.24271579212,18.2305263871897,37.9103037204098,89.8877769849916,13.0794277134683
"CMB_025",1535.31426481796,23.261972377454,44.7315840557714,164.861607742849,12.7424371358004
"CMB_036",1342.77268880608,25.6295285061178,35.0774812572216,149.348283293943,12.4059923347304
"CMB_043",1565.13190063548,22.0824729339382,29.0681563579967,172.314346408838,12.3543036872151
"CMB_045",1612.31876066918,24.1310743026813,35.6716010198214,197.851418736045,12.0013446364788
"CMB_050",1662.88780938213,27.3958910683301,38.2801864238749,233.006172231383,12.1638419712107
"CMB_057",1736.99121803892,23.6807554838698,34.2070466603786,197.161262582472,13.1903710295233
"CMB_073",1765.03766298814,23.0307850853456,30.6070371149982,211.636802112431,12.5371674295729
"CMB_080",2116.84431208064,23.3188786360736,30.35619593794,270.702923571805,12.543249273735
"CMB_095",2030.80021614242,23.7883652897562,35.2823671662796,272.645113731012,13.435294305866
"CMB_103",1172.05085104315,27.9411775230887,30.7829557319425,147.713447007531,12.9021753394376
"CMB_105",1927.96345175193,28.7818630217145,34.3203910032936,283.781630588297,12.6021419444498
"COS_016",1892.15800221488,27.0082411312612,28.5081018201948,276.913992467341,13.0304739628663
"DAA_001",2104.83466790153,21.9293866735185,31.7792957327509,211.47005118806,13.6770512248617
"DAA_002",3164.11689606517,13.2047858205304,39.713918002509,184.491269866717,12.9808738737449
"DAA_003",2506.32114641641,21.5239423571043,38.8844610095336,311.379123256798,12.8353167458178
"DAA_004",2180.55576763257,19.4977107223715,34.573666462018,221.671990757927,13.2617113816642
"DAA_005",2056.21470514955,26.9051826426526,35.1148136060609,317.642716192854,12.9650609919184
"DAA_006",2133.71942921912,32.7908590260746,35.2151479962672,398.993104335487,13.9691799027473
"DAA_007",2394.0823598044,20.6001724458948,36.8347135353175,299.700144353258,13.0092032914272
"DAA_008",2623.67175949852,21.2820500379172,37.0146175232714,272.070965444545,13.1811121306147
"DAA_009",2114.73888641673,24.6490756025251,38.4420081897614,298.613201791329,13.7043430630135
"DAA_010",1954.02528141787,32.2155320212094,35.9492462112416,337.017481630331,13.2559970385043
"DAA_011",2079.86972547721,23.5015974344175,36.2636775559317,259.385844515256,11.9322482975235
"DAA_012",2343.60498361618,19.4712814697385,46.423700378777,216.171026047928,12.4416363762691
"DAA_013",2582.25234956248,13.3076287357277,36.5377063573662,151.133235308359,12.5373907887326
"DAA_014",2486.75821054183,17.5736111839921,45.1923864663015,228.742251246206,13.0796447926908
"DAA_015",2844.10320853073,16.9315190018144,39.3507637059362,253.736191782499,12.3488368582895
"DAA_016",3158.00986100451,16.9655130264141,39.1356725758858,277.497907763484,12.3147029213464
"DAA_017",NA,NA,NA,NA,NA
"DAA_018",2257.8623205639,13.4804374993336,34.7851628032206,161.368746210017,12.3578537418822
"DAA_019",NA,NA,NA,NA,NA
"DAA_020",NA,NA,NA,NA,NA
"DAA_021",2294.25270952684,13.6374011757873,42.9503132488411,163.359954708801,13.033228022376
"DAA_022",NA,NA,NA,NA,NA
"DAA_023",NA,NA,NA,NA,NA
"DAA_024",2965.48697223955,15.909209528723,39.271499348983,181.196434735305,12.2296658729961
"DAA_025",NA,NA,NA,NA,NA
"DAA_026",NA,NA,NA,NA,NA
"DAA_027",2180.10049653635,8.41077867594646,23.5806418397995,94.0366717750387,13.0291587174488
"DAA_028",NA,NA,NA,NA,NA
"DAA_029",2329.0036364316,17.1267774193925,41.2167234205106,204.336347249998,12.6517166672333
"DAA_030",NA,NA,NA,NA,NA
"DAA_031",NA,NA,NA,NA,NA
"DAA_032",NA,NA,NA,NA,NA
"DAA_033",NA,NA,NA,NA,NA
"DAA_034",NA,NA,NA,NA,NA
"DAA_035",NA,NA,NA,NA,NA
"DAA_036",NA,NA,NA,NA,NA
"DAA_037",NA,NA,NA,NA,NA
"DAA_038",NA,NA,NA,NA,NA
"DAA_039",NA,NA,NA,NA,NA
"DAA_040",NA,NA,NA,NA,NA
"DAA_041",2708.60063996054,11.5256090269399,37.978801132808,169.602401810138,13.0458624925171
"DAA_042",NA,NA,NA,NA,NA
"DAA_043",NA,NA,NA,NA,NA
"DAA_044",2218.23187527557,16.4519318737348,36.3205714586031,203.671432209021,12.7354792957705
"DAA_045",2482.07227917795,16.197505201034,41.5906020413034,236.500470166699,13.2525509413597
"DAA_046",NA,NA,NA,NA,NA
"DAA_047",NA,NA,NA,NA,NA
"DAA_048",NA,NA,NA,NA,NA
"DAA_049",2664.16240246616,23.9490748218334,41.9075297939081,382.785122535178,12.9459276771348
"DAA_050",NA,NA,NA,NA,NA
"DAA_051",2008.67134204499,31.2826974007442,36.2651347519791,349.465871909179,13.3059930643882
"DAA_052",2174.50673030635,10.0194890075767,35.7846046433145,124.867542675335,12.9466716477433
"DAA_053",NA,NA,NA,NA,NA
"DAA_054",NA,NA,NA,NA,NA
"DAA_055",NA,NA,NA,NA,NA
"DAA_056",NA,NA,NA,NA,NA
"DAA_057",NA,NA,NA,NA,NA
"DAA_058",NA,NA,NA,NA,NA
"DAA_059",2956.20068620605,13.6168903656173,35.9177062266583,183.72676085729,13.3898377137309
"DAA_060",2184.72074841412,17.5996119877702,37.6979862687258,192.67431682933,12.9179986328315
"DAA_061",NA,NA,NA,NA,NA
"DAA_062",2342.80683033049,16.4018491262867,37.7756470706943,214.141343637672,12.4672039348149
"DAA_063",NA,NA,NA,NA,NA
"DAA_064",NA,NA,NA,NA,NA
"DAA_065",1995.51384263478,23.7326476492167,36.155749306794,250.306675846424,13.3685387029611
"DAA_066",NA,NA,NA,NA,NA
"DAA_067",NA,NA,NA,NA,NA
"DAA_068",NA,NA,NA,NA,NA
"DAA_069",NA,NA,NA,NA,NA
"DAA_070",NA,NA,NA,NA,NA
"DAA_071",NA,NA,NA,NA,NA
"DAA_072",NA,NA,NA,NA,NA
"DAA_073",NA,NA,NA,NA,NA
"DAA_074",NA,NA,NA,NA,NA
"DAA_075",NA,NA,NA,NA,NA
"DAA_076",NA,NA,NA,NA,NA
"DAA_077",NA,NA,NA,NA,NA
"DAA_078",2451.88904847329,27.621978497559,40.8203918463792,419.979425694152,13.3145638686534
"DAA_079",NA,NA,NA,NA,NA
"DAA_080",NA,NA,NA,NA,NA
"DAA_081",2952.52243796723,9.27083400108056,35.2538793546461,118.935047689235,13.0054592415779
"DAA_082",NA,NA,NA,NA,NA
"DAA_083",NA,NA,NA,NA,NA
"DAA_084",NA,NA,NA,NA,NA
"DAA_085",NA,NA,NA,NA,NA
"DAA_086",2686.58608350846,11.1416747396653,37.0088828890163,191.461843661825,12.6540519099397
"DAA_087",NA,NA,NA,NA,NA
"DAA_088",NA,NA,NA,NA,NA
"DAA_089",NA,NA,NA,NA,NA
"DAA_090",NA,NA,NA,NA,NA
"DAA_091",2962.21470836363,15.8045162907972,34.9916320422678,252.644325035775,13.3139224604745
"DAA_092",NA,NA,NA,NA,NA
"DAA_093",NA,NA,NA,NA,NA
"DAA_094",3269.06156142204,14.2990495520079,39.9152039340641,184.267038287156,12.8216441143344
"DAA_095",NA,NA,NA,NA,NA
"DAA_096",2543.86203213934,21.4833157551986,40.0445518268277,271.598534203764,13.1282883414928
"DAA_097",NA,NA,NA,NA,NA
"DAA_098",3009.27629698779,15.6119348113645,42.5274149840674,254.3354757666,13.2344797584997
"DAA_099",NA,NA,NA,NA,NA
"DAA_100",2588.26935755869,16.4542057195643,41.6072143596049,224.772030610854,12.84991381894
"DAA_101",NA,NA,NA,NA,NA
"DAA_102",NA,NA,NA,NA,NA
"DAA_103",NA,NA,NA,NA,NA
"DAA_104",NA,NA,NA,NA,NA
"DAA_105",NA,NA,NA,NA,NA
"DAA_106",NA,NA,NA,NA,NA
"DAA_107",NA,NA,NA,NA,NA
"DAA_108",NA,NA,NA,NA,NA
"DAA_109",NA,NA,NA,NA,NA
"DAA_110",NA,NA,NA,NA,NA
"DAA_111",1981.21989749255,18.074301480514,33.6760976283313,180.929826061038,13.3515335677229
"DAA_112",1870.2110514619,23.7580624297376,36.1030921725281,236.355903906441,13.4113642825564
"DAA_113",1697.03278841445,16.6298916060382,37.8520140121581,159.232267670731,12.990538544332
"DAA_114",2243.69713067459,16.6825936450615,40.1872599025953,184.041349963687,12.8520588470989
"DAA_115",2024.91043720353,17.0712377532597,33.9644211625115,174.37998143715,12.1806676463615
"DAA_116",2147.39305435056,8.70803346865998,31.7414919524212,104.175103497014,13.077044154895
"DAA_117",1694.1212019644,17.506896772113,34.5339984513305,155.784461221672,12.7191518757045
"DAA_118",2608.07059455493,11.6946365019979,37.4275290272999,158.242326595009,13.3374233259633
"DAA_119",1563.18195360742,23.0225734440721,34.9015936840451,163.213880939113,12.4572718625341
"DAA_120",1886.97297562978,26.6584739009525,36.897366941818,278.318092527823,13.4858063375802
"DAA_121",2095.22550306032,18.5412998715065,37.4402146661531,210.967056368917,12.7895673336296
"DAA_122",2580.02471137242,15.3607941058535,39.6840807585681,254.984545238311,13.1484529057641
"DAA_123",2096.26311635257,20.8459876629192,36.0558395340938,240.812675845343,12.5049873220799
"DAA_124",1871.65839820702,21.3118703710897,37.9172449284416,212.677785742216,13.0046974000467
"DAA_125",1757.49766477602,16.3577438322483,35.5526086576279,126.28756841792,12.1835893741898
"DAA_126",2648.77231701021,15.2347182004683,37.0666471599877,216.674511517845,13.2635373337865
"DAA_127",NA,NA,NA,NA,NA
"DAA_128",NA,NA,NA,NA,NA
"DAA_129",NA,NA,NA,NA,NA
"DAA_130",NA,NA,NA,NA,NA
"DAA_131",NA,NA,NA,NA,NA
"DAA_132",NA,NA,NA,NA,NA
"DAA_133",NA,NA,NA,NA,NA
"DAA_134",NA,NA,NA,NA,NA
"DAA_135",NA,NA,NA,NA,NA
"DAA_136",NA,NA,NA,NA,NA
"DAA_137",NA,NA,NA,NA,NA
"DAA_141",NA,NA,NA,NA,NA
"DAA_142",2514.88045391304,15.6204632990033,38.9896457075549,231.014930317288,13.3209531316193
"DAA_143",NA,NA,NA,NA,NA
"DAA_144",NA,NA,NA,NA,NA
"DAA_145",2317.63373466732,18.5739027833395,38.7590609144412,240.200632668104,13.0259766884886
"DAA_146",NA,NA,NA,NA,NA
"DAA_147",NA,NA,NA,NA,NA
"DAA_148",2188.14746914791,16.0983609462535,36.5630606035392,182.828399771756,12.7492434593644
"DAA_149",NA,NA,NA,NA,NA
"DAA_150",NA,NA,NA,NA,NA
"DAA_151",2235.42471946154,18.0710930044081,43.5446646245341,236.531273993623,12.6824553151742
"DAA_152",NA,NA,NA,NA,NA
"DAA_153",2133.83350306503,20.6400660966045,35.3910440638809,238.893326742076,12.5030358968089
"DAA_154",2033.51322957053,27.0427110823117,39.5294678020902,298.720933119324,13.2234652582879
"DAA_155",1780.78145376149,29.8761102528888,40.6977494561076,263.157737111325,13.073377019435
"DAA_159",2485.84063381388,21.0262889378837,43.157722093521,305.510863658244,13.4994592057907
"DAA_164",1526.25203447118,19.1713732436694,41.262826255178,121.516123131576,12.603240741238
"DAA_166",2538.23746011748,15.913761817691,43.8198059292274,200.524044905449,12.4937546580816
"DAA_173",2149.68671881369,27.9507504743988,37.7647080336888,350.496674693388,13.2082402627023
"DAA_175",1918.65169606583,24.8079500579551,33.6272506745625,264.791323570515,13.1449619321976
"DAA_178",NA,NA,NA,NA,NA
"DAA_179",NA,NA,NA,NA,NA
"DAA_180",NA,NA,NA,NA,NA
"DAA_181",NA,NA,NA,NA,NA
"DAA_182",NA,NA,NA,NA,NA
"DAA_183",NA,NA,NA,NA,NA
"DAA_184",NA,NA,NA,NA,NA
"DAA_185",NA,NA,NA,NA,NA
"DAA_186",NA,NA,NA,NA,NA
"DAA_187",NA,NA,NA,NA,NA
"DAA_188",NA,NA,NA,NA,NA
"DAA_189",NA,NA,NA,NA,NA
"DAA_190",NA,NA,NA,NA,NA
"DAA_191",NA,NA,NA,NA,NA
"DAA_192",NA,NA,NA,NA,NA
"DAA_193",NA,NA,NA,NA,NA
"DAA_194",NA,NA,NA,NA,NA
"DAA_195",NA,NA,NA,NA,NA
"DAA_196",NA,NA,NA,NA,NA
"DAA_197",NA,NA,NA,NA,NA
"DAA_198",NA,NA,NA,NA,NA
"DAA_199",NA,NA,NA,NA,NA
"DAA_200",NA,NA,NA,NA,NA
"DAA_201",NA,NA,NA,NA,NA
"DAA_203",NA,NA,NA,NA,NA
"DAA_205",NA,NA,NA,NA,NA
"DAA_206",NA,NA,NA,NA,NA
"DAA_207",NA,NA,NA,NA,NA
"DAA_208",NA,NA,NA,NA,NA
"DAA_209",NA,NA,NA,NA,NA
"DAA_210",NA,NA,NA,NA,NA
"DAA_211",NA,NA,NA,NA,NA
"DAA_212",NA,NA,NA,NA,NA
"DAA_213",NA,NA,NA,NA,NA
"DAA_214",NA,NA,NA,NA,NA
"DAA_215",NA,NA,NA,NA,NA
"DAA_216",NA,NA,NA,NA,NA
"DAA_217",NA,NA,NA,NA,NA
"DAA_218",NA,NA,NA,NA,NA
"DAA_221",NA,NA,NA,NA,NA
"DAB_001",NA,NA,NA,NA,NA
"DAB_049",2320.92489303462,35.6698245162924,26.5109957510386,513.953848541207,13.0607747438161
"DAB_052",2193.05723566074,33.5357064991428,25.9631917283321,429.012547945485,13.2805656310524
"DAB_053",1875.57750517051,28.7687504949394,41.1382169299897,272.465673377823,13.146217970612
"DAB_062",2032.38209059169,25.8262757323354,37.2104614808488,294.646120534251,13.2570402525405
"DAB_064",2378.84789837145,24.5581182648666,37.7061532638446,347.934868996321,13.517029189346
"DAB_065",2297.79765830186,23.1661186800626,35.0965332032855,283.394561794984,13.2303226489496
"DAB_066",2266.1481886493,27.0355826237524,37.8137021172626,328.946121129307,12.855817049045
"DAB_084",2075.4784620573,28.9177972440213,33.3926238139134,332.126287466107,13.7900917043323
"DAB_090",1842.46971876083,31.31150374485,31.6211383571568,303.169951907372,14.2152862404798
"DAB_096",NA,NA,NA,NA,NA
"DAB_105",2119.63605244779,23.367672191081,32.3337414004241,276.805428998002,13.016529891633
"DAB_106",2801.86971173121,13.3441629587482,32.9107639723148,209.756531630675,13.2674220799916
"DAB_107",NA,NA,NA,NA,NA
"DAB_109",1906.26970286283,26.425629512489,37.388850068627,284.303801413739,13.0668524057625
"DAB_150",1956.88555235594,24.6753811959774,31.3729591405319,272.460109038027,14.0037360883648
"DAB_158",NA,NA,NA,NA,NA
"DAB_159",NA,NA,NA,NA,NA
"DAB_187",2255.66792042936,23.7682788200707,28.9031915014412,296.154304817039,13.9192717234861
"DAB_231",2529.7972552671,27.2369538622802,36.7146140973189,399.978891849472,12.4790640898892
"DAB_233",2639.6491390202,17.81049249131,37.9037652699714,255.896378481603,13.2905800108372
"DAB_236",1934.1263641681,35.3641707048413,34.804986659687,352.018485951992,13.015887577374
"DAB_244",2601.9544194996,17.9034094699327,34.9497341208829,247.106444396861,12.9620562091705
"DAB_251",2856.35184171171,22.2399281568011,33.9072996952862,339.847476621906,12.5753127984043
"DAB_252",2483.90551085039,15.0857059858115,35.3132256396737,222.314862361042,12.4982100368681
"DAB_256",2288.56543500226,23.3558517420914,39.1606098016889,301.036186098123,12.8697312344756
"DAB_258",2163.77997901187,21.0961480245443,31.9342285085402,266.497461519269,13.0080881679519
"DAB_267",2442.03941425449,15.7070906261161,38.6385886960473,203.178547364387,12.6727052213588
"DAB_277",2121.91366108804,31.0544224248566,37.3230800452469,379.642056485758,13.8028332330923
"DAB_295",3104.15858770591,21.9033084799654,41.3291353378142,359.046784032113,12.5728514875859
"DAB_302",2446.15747896178,26.8470254631314,39.022270544801,379.827276117307,13.7955378984038
"DAB_317",2467.39403281544,22.0424286228466,38.0331218639432,314.595165864228,13.5060129479159
"DAB_344",2198.17673021352,19.4603032530192,34.1612880291954,236.238906898791,13.0394285583443
"DAB_353",2003.42160397695,24.2332437441993,32.6999514303103,244.548619025239,13.2105534954795
"DAB_366",2606.62693888147,18.4787359565717,36.5093270110785,260.628744023579,13.0528747418079
"DAB_374",2715.11439893127,11.6447464132227,35.7203682622107,133.091056750535,12.7405164869172
"DAB_380",2696.28390600251,19.1263972438132,39.3711639044077,299.520773672939,12.1117012457322
"DAB_384",2410.97683259304,18.9511109143844,33.1970895103337,245.047999832863,13.8018703687957
"DAB_396",2896.90253131926,22.2433755011311,36.5064393307636,352.478300333283,13.3456723276709
"DAB_398",2639.10925551586,14.8425312394801,32.2199434049996,231.254602471623,13.3350958081177
"DAB_402",2249.50662320842,24.4613975575358,38.6859412120095,316.988083836207,13.2270111681247
"DAB_441",2628.47881965675,20.3231070145168,40.5903789486824,282.722645329255,13.2942652668962
"DAB_489",2755.81647145593,15.3518770144561,35.2502161409911,258.032639903776,13.3804492297542
"DAB_494",2632.16021570192,24.3513213067058,38.0067816418758,377.061803903768,13.3833808701192
"DAB_514",2611.59386710558,22.0714636658125,41.5487541155292,353.279706565182,13.1671205244834
"DAB_520",2493.20388154255,21.2713600310291,35.1887243949716,296.730850755932,13.0833377036548
"DAB_525",2358.09681816059,18.0153230461964,37.5388983630724,244.45357947709,13.2598793394935
"DAB_528",2553.57563413608,14.103617875243,37.5581727994804,190.958905066127,13.0016623594854
"DAB_534",2612.58322418803,18.1867825494766,39.0162818038631,267.576591955743,13.5773315145369
"DAB_541",2396.68735989081,19.2264348053518,34.95226087056,267.345319658425,14.4253438814013
"DAB_545",2357.99475191876,20.6845622083061,36.2747884090465,277.260138163062,13.6535372950545
"DAB_549",2662.85662993793,17.7366264288475,38.0856385412579,267.631199907364,13.6769264358376
"DAB_555",2336.29190315774,28.9462596624665,33.9812006426446,388.723233488423,12.9304346061766
"DAB_568",2264.63022715811,25.1513450271895,39.2605935405587,337.79065261823,13.9147583456692
"DAB_569",2336.1337457112,21.8703902671356,37.8165175066636,291.709892769217,12.9113477865631
"DAB_570",2121.29144671759,13.1869261156366,38.5563253191298,123.526682881328,12.9500470683846
"DAB_571",2373.46689792417,18.5018722659858,34.2204672819337,249.813739568178,13.7760552705753
"DAB_572",2250.14243894235,22.8923420421082,36.9633462309688,302.931184875397,13.5032883077151
"DAB_573",2262.83683527871,28.3493711609704,32.9955564100094,360.368297674807,13.3878381631754
"DAB_574",2203.20407565203,27.0425143265568,35.1792956287001,358.0772253574,13.1793490421994
"DAB_575",1739.97208776472,32.3047829424516,30.64904353735,319.367717609361,13.959611841491
"DAB_576",2111.89557656492,28.1735107532693,43.2934010759916,361.89081640243,13.242789312226
"DAB_577",2605.50061734665,23.48540675726,45.1571981869045,347.458212187865,13.6623284444281
"DAB_578",1775.94704249268,24.2336759323527,31.2366486540298,203.759241289696,14.0144652475118
"DAB_579",2367.13369371428,16.605908203614,38.5650190470419,229.582117875704,13.9443046814216
"DAB_580",2323.56791033306,16.2205889678603,36.7182780303416,218.795635804146,13.1477556834419
"DAB_581",1912.79631265514,10.3628428873877,33.1586773796972,87.4011949104711,12.8229111056215
"DAB_582",NA,NA,NA,NA,NA
"DAB_583",1683.42141903884,22.6980640726847,35.1102588818696,190.998524284957,12.6847705820143
"DAB_584",1871.64822336547,24.7825134336765,35.2491046903335,223.418945192826,12.3267936893311
"DAB_585",1673.14488910377,27.8575031159248,36.6557075115224,256.794001672446,13.5985769213779
"DAB_586",2265.15731618444,24.0246204740612,35.0693549043198,304.740900290725,14.1869314669925
"DAB_587",2102.45471270609,22.8988111920197,34.4122941266887,254.870212285328,13.4120497967294
"DAB_588",1928.02383072622,23.0464445839202,29.8018913966165,254.515026174858,13.3212471121939
"DAB_589",1841.32604748925,18.2338597174633,32.0350755511028,185.146040631163,12.9427118809423
"DAB_590",NA,NA,NA,NA,NA
"DAB_591",2769.03172579397,18.9013449634482,37.6228829895442,268.981288457263,12.9218995909902
"DAB_592",2026.85381632183,25.1294002506032,33.4248637904312,270.587143674663,12.7084244475888
"DAB_593",2991.15007991832,14.1057314340107,38.7547648309266,236.227556008431,13.0558520077456
"DAB_594",2792.8651662996,16.1634371906773,37.7431557285463,254.714945371404,12.3773582728941
"DAB_596",2499.65825080853,21.4754381364238,39.1653297441742,296.493561721152,12.8174020372263
"DAB_597",2644.72660875485,25.0873623014538,38.5732855485519,369.728812279125,13.0620599042546
"DAB_598",3003.8051607552,22.3733049633787,39.3736116155364,310.661394646186,12.6877448246746
"DAB_600",2533.28397667501,11.0181187991282,38.3840981710539,160.620872579872,13.2762042128039
"DAB_602",2019.35719305694,22.8693125849091,41.7608054589106,249.84431247886,13.7325922996158
"DAB_603",1872.92194429353,27.3181919266266,34.9704027078693,283.664389943033,13.4165636591749
"DAB_604",2186.29204258094,23.3040377919717,38.2368692369471,279.152836986323,13.4524557853301
"DAB_605",2375.73515874004,22.055634868148,37.9980028048301,270.02390932108,13.1992998713316
"DAB_606",1738.16947428631,26.9138827840182,30.642530854834,251.400767138519,13.5677593424567
"DAB_607",2098.25924549137,21.4912087735012,36.0468415588593,225.029810250837,13.7775816435174
"DAB_608",NA,NA,NA,NA,NA
"DAB_609",1756.47504018969,24.2143768842039,33.2372011471267,201.430229638424,12.4882354836724
"DAB_610",1913.3232108833,20.9534224101911,32.8655416219763,212.380427717587,12.8529204780136
"DAB_611",NA,NA,NA,NA,NA
"DAB_612",1891.3810228128,19.197217012403,35.0882422902653,172.042811319434,12.4702011376095
"DAB_613",NA,NA,NA,NA,NA
"DAB_614",2753.46988582173,19.8013638311453,35.703540144584,302.2733468356,13.3422126805178
"DAB_615",2480.12774115385,23.2303222692977,34.9004654154974,326.781789872828,13.7267168476743
"DAB_616",2581.22959186544,24.0000658936793,35.5126703307601,362.63932492524,13.9927891486884
"DAB_617",2131.021521739,21.974554805499,34.3100861051099,250.816769221415,13.4645584551461
"DAB_618",NA,NA,NA,NA,NA
"DAB_619",2118.65775284832,28.2435138739935,34.518063321122,323.836053329348,12.7009148045213
"DAB_620",NA,NA,NA,NA,NA
"DAB_621",2392.64731408909,24.8432892707688,38.9911638488838,322.15766607836,13.2358616273608
"DAB_622",2719.70421111916,21.49844009177,38.8275190026673,328.696795604258,13.0106293421852
"DAB_623",NA,NA,NA,NA,NA
"DAB_624",2570.47201338858,20.1344398052499,37.5674069734712,282.069319169234,12.7574944522653
"DAB_625",2398.98614435018,22.2694539460562,38.0556099840934,297.209243685497,12.9741355966526
"DAB_626",NA,NA,NA,NA,NA
"DAB_627",NA,NA,NA,NA,NA
"DAB_628",2483.37766888537,24.0986053751705,36.9850001814817,356.627384748424,13.0539067758759
"DAB_629",2742.02575117458,17.4705906375098,37.7547079865439,246.413631540826,13.3867314403717
"DAB_630",3079.93816846298,16.6217331178537,38.1812175451972,269.351442716885,12.8540971158545
"DAB_631",NA,NA,NA,NA,NA
"DAB_633",1731.78742539967,30.1348432738995,32.2226835999883,268.650771966303,14.1718503522299
"DAB_634",NA,NA,NA,NA,NA
"DAB_635",NA,NA,NA,NA,NA
"DAB_636",NA,NA,NA,NA,NA
"DAB_637",NA,NA,NA,NA,NA
"DAB_638",NA,NA,NA,NA,NA
"DAB_639",NA,NA,NA,NA,NA
"DAB_640",NA,NA,NA,NA,NA
"DAB_641",NA,NA,NA,NA,NA
"DAB_642",NA,NA,NA,NA,NA
"DAB_643",NA,NA,NA,NA,NA
"DAB_644",NA,NA,NA,NA,NA
"DAB_645",NA,NA,NA,NA,NA
"DAB_646",NA,NA,NA,NA,NA
"DAB_647",NA,NA,NA,NA,NA
"DAB_648",NA,NA,NA,NA,NA
"DAB_649",NA,NA,NA,NA,NA
"DAB_650",NA,NA,NA,NA,NA
"DAB_651",NA,NA,NA,NA,NA
"DAB_652",NA,NA,NA,NA,NA
"DAB_653",NA,NA,NA,NA,NA
"DAB_654",NA,NA,NA,NA,NA
"DAB_655",NA,NA,NA,NA,NA
"DAB_656",NA,NA,NA,NA,NA
"DAB_657",NA,NA,NA,NA,NA
"DAB_658",NA,NA,NA,NA,NA
"DAB_659",NA,NA,NA,NA,NA
"DAB_660",NA,NA,NA,NA,NA
"DAB_661",NA,NA,NA,NA,NA
"DAB_662",NA,NA,NA,NA,NA
"DAB_663",NA,NA,NA,NA,NA
"DAB_664",NA,NA,NA,NA,NA
"DAB_665",NA,NA,NA,NA,NA
"DAB_666",NA,NA,NA,NA,NA
"DAB_667",NA,NA,NA,NA,NA
"DAB_668",NA,NA,NA,NA,NA
"DAB_669",NA,NA,NA,NA,NA
"DAB_670",NA,NA,NA,NA,NA
"DAB_671",NA,NA,NA,NA,NA
"DAB_672",NA,NA,NA,NA,NA
"DAB_673",NA,NA,NA,NA,NA
"DAB_674",NA,NA,NA,NA,NA
"DAB_675",NA,NA,NA,NA,NA
"DAB_676",NA,NA,NA,NA,NA
"DAB_677",NA,NA,NA,NA,NA
"DAB_678",NA,NA,NA,NA,NA
"DAB_679",NA,NA,NA,NA,NA
"DAB_680",NA,NA,NA,NA,NA
"DAB_681",NA,NA,NA,NA,NA
"DAB_682",NA,NA,NA,NA,NA
"DAB_683",NA,NA,NA,NA,NA
"DAB_684",NA,NA,NA,NA,NA
"DAB_685",NA,NA,NA,NA,NA
"DAB_686",NA,NA,NA,NA,NA
"DAB_687",NA,NA,NA,NA,NA
"DAB_900",2550.03585960696,13.6548751369099,34.1220679105513,211.807984408358,13.1565380545567
"DAB_901",1824.35012932852,22.6840690322518,31.6490798089992,229.549665487185,13.019471888416
"DAB_902",2086.20169707749,23.2676083078641,38.5894194840456,274.615845054157,12.6418309276888
"DAB_903",2183.07489929142,24.5361088191411,35.5714396101852,297.385003552298,12.5516635300549
"DAB_904",2343.73255724778,27.2485147655974,35.1005762295505,382.63852276668,13.3751475537496
"DAB_905",2813.82804994563,21.0599987841732,32.925515147631,305.133349542407,13.9555796574602
"DAB_906",2707.70605546118,19.0401843928607,36.7939841624091,301.425321791744,13.07686521642
"DAB_907",NA,NA,NA,NA,NA
"DAB_908",NA,NA,NA,NA,NA
"DAB_909",2152.31389752926,18.4853529183555,34.2946307525809,217.673216423612,12.6438366146797
"DAB_910",2890.67186512583,19.2888116597304,37.4685898141893,334.882780833895,13.7124241161821
"DAB_911",NA,NA,NA,NA,NA
"DAB_912",2288.21043639087,25.1470112959486,36.1952157490254,323.683067036931,14.0386172064529
"DAB_913",1788.05935070591,25.3591121481385,30.5762108456341,233.053998471142,13.4914644928903
"DAB_914",2363.28653152936,15.1851555594005,34.1946422127006,206.783257907248,12.8804538946438
"DAB_915",2503.26433439054,25.5376585816891,34.3109679026574,342.098410968902,12.7099184602643
"DAB_916",2067.62244837219,14.5949358468011,37.2048301072091,161.386386458568,13.1872429139115
"DAB_917",2362.9529069848,8.89997326973227,36.1143947410128,102.119284617003,12.7891060009396
"DAB_918",NA,NA,NA,NA,NA
"DAB_919",2676.01521169827,18.5946830161925,32.6839613001763,267.445707244011,12.8892338106042
"DAB_920",2032.27913217385,20.9782280775852,31.9629049087596,218.740243873472,12.6436356850491
"DAB_921",2887.63132493392,16.2303973481515,35.3633854033864,246.343876114758,13.1429200085507
"DAB_922",NA,NA,NA,NA,NA
"DAB_923",2351.62739005863,19.8017458969751,35.9295154356958,226.016801010612,13.0022843998196
"DAB_924",2246.16763715814,11.0729980646612,26.5437855948928,139.352003614765,12.736732756846
"DAB_925",2125.54237047475,25.7924693904104,35.4256518782708,304.94572774062,13.6244658445941
"DAB_926",2482.16978544022,16.3301253883293,32.9422534187443,230.758380476103,13.342947728091
"DAB_927",2327.26908831153,8.17782793873399,30.8692648752753,113.295699296284,13.1783030967656
"DAB_928",2759.50842896508,5.66701829166814,31.5206648724121,79.7581119710183,12.8324161013686
"DAB_929",1999.65675641937,29.0260579974134,34.5734898100878,319.259033413024,13.427909114954
"DAB_930",2296.24943984909,15.9568750260628,39.5215909010961,202.23900957576,12.770033613634
"DAB_931",NA,NA,NA,NA,NA
"DAB_932",1924.88252968832,26.9816987254427,37.9875192932513,264.982456192668,12.9170949393827
"DAB_933",2562.31853789124,10.8412670316411,35.931601716701,133.665720750045,12.1809783468321
"DAB_934",2145.65974203537,13.9163858372959,30.898079363311,135.1970220394,12.3211176212205
"DAB_935",NA,NA,NA,NA,NA
"DAB_936",2459.8100129424,12.5037824250443,31.5523639438747,141.865293343411,12.9062172655302
"DAB_937",2282.60748302385,17.8827112982584,33.887443729794,222.178163807617,12.9060508643161
"DAB_938",1774.67645549465,27.8612840449537,32.7162289496036,287.062722306237,13.8749803490046
"DAB_939",2709.0420930929,19.7479866141796,34.0527467781229,304.174599304396,12.858940449788
"DAB_940",2482.724665423,27.3810849053945,35.5552127317776,379.084168109402,12.8826425025467
"DAB_942",2116.62975966901,19.5824506047867,34.2750572395616,227.214628077378,12.8993221735137
"DAD_019",NA,NA,NA,NA,NA
"DAD_036",1778.00874241303,16.4237847370645,31.8551418135763,123.771000122723,12.9646687501193
"DAD_044",NA,NA,NA,NA,NA
"DAD_587",NA,NA,NA,NA,NA
"DAN_001",2213.51970181664,18.2172076821994,38.0098663120871,201.222316890636,12.5203209351412
"DAN_002",2084.96444577912,25.3406616112989,40.1713967098035,304.948437779727,12.7627776384568
"DAN_003",2679.81452156907,18.5050042824316,38.6205028927872,306.731646750299,13.7769228282354
"DAN_004",2049.96276314944,15.6952906492711,35.5164805942082,166.906894644464,13.0022092615928
"DAN_005",2247.39223750954,22.7885104115669,38.4670274833951,311.543400868837,13.6629873132467
"DAN_006",2348.5554773099,18.6626112756231,33.9113470466815,225.507392402774,12.6836167389452
"DAN_007",1702.59857548842,17.2561945346948,35.7030732030604,139.419397564052,12.8157191696826
"DAN_008",2486.99134151115,17.0280918484362,37.5522280336268,232.384450858426,12.7747327086232
"DAN_009",2020.77172297036,30.5249887820058,34.855035604757,337.93397591425,14.2459513310643
"DAN_010",1930.09947281983,30.5539986725607,37.9531410132544,262.443264470584,12.7821927677712
"DAN_011",2142.24690303082,23.266250123373,34.32895881281,280.664482746847,13.0689027000692
"DAN_012",1694.18937116121,30.6225237900362,33.1236445290272,289.070696565084,13.6315906000633
"DAN_013",2840.07765461285,15.6283621068807,42.2500084774079,226.393760056806,11.9167611547607
"DAN_014",1978.53786127016,19.9601332864542,35.2714728684031,215.808372827497,13.3473027890245
"DAN_015",2596.77951100215,15.3567799902295,39.2586451099632,211.046908656809,12.7337869169554
"DAN_016",2301.3087374868,28.6566097378976,39.8263702584589,389.701377863571,13.7177512968119
"DAN_017",2182.20331966393,22.0995640550558,34.5769577577946,259.625124215536,13.6476423990868
"DAN_018",2268.8712432413,14.6113896566806,39.661363625608,180.078919848711,12.6825714291857
"DAN_019",1753.08706550845,23.4578626978965,36.2331118260096,211.491865665239,14.0735193247549
"DAN_020",1700.86227602469,29.960321881148,35.8727533183551,265.434005192025,13.5113662821031
"DAN_021",1861.21102068352,9.88581628667913,30.0025477165746,92.8377646245766,12.9462185268943
"DAN_022",2093.35693986002,26.5458604173654,38.6037000721398,301.622370799959,13.2386325725326
"DAN_023",2103.96209094516,15.5072393136355,36.9946701095123,168.952386717899,13.062824917549
"DAN_024",2291.64085724438,20.9474298619728,36.4830003580018,275.970033591018,13.1146667782299
"DAN_025",1849.8930109173,20.7089185443492,35.0630029224416,211.198606164106,13.4318747590787
"DAN_027",2346.8332478169,17.931810593965,38.571087868631,232.725565394133,13.5091497896013
"DAN_028",2100.9127615596,15.4425173805507,35.484797449463,160.434898871085,12.7703913246156
"DAN_029",2503.91332552058,16.5336638273853,38.0743729484269,238.177478289972,13.4143778094237
"DAN_030",2117.58093258531,12.937705277946,32.576236957993,134.875985227416,13.2139636957333
"DAN_031",1707.67082297332,27.9844550908214,34.8404606353937,234.161430656708,13.3604008304335
"DAN_032",1999.02967550344,17.4237723652208,34.6713009989226,179.163740082503,12.960987261883
"DAN_033",2378.89461127729,20.7288899027778,35.7209600746284,294.997359746285,12.7817244151783
"DAN_034",NA,NA,NA,NA,NA
"DAN_035",NA,NA,NA,NA,NA
"DAN_036",NA,NA,NA,NA,NA
"DAN_037",1663.88221915198,17.9222379310649,40.6410702328899,166.935772746985,13.3418053499926
"DAN_038",NA,NA,NA,NA,NA
"DAN_039",NA,NA,NA,NA,NA
"DAN_040",NA,NA,NA,NA,NA
"DAN_041",NA,NA,NA,NA,NA
"DAN_042",NA,NA,NA,NA,NA
"DAN_043",NA,NA,NA,NA,NA
"DAN_044",NA,NA,NA,NA,NA
"DAN_045",NA,NA,NA,NA,NA
"DAN_046",NA,NA,NA,NA,NA
"DAN_047",1677.95701699194,25.9015615429106,43.3402368988279,202.567622676201,12.0352791071822
"DAN_048",NA,NA,NA,NA,NA
"DAN_049",NA,NA,NA,NA,NA
"DAN_050",NA,NA,NA,NA,NA
"DAN_051",NA,NA,NA,NA,NA
"DAN_052",NA,NA,NA,NA,NA
"DAN_053",NA,NA,NA,NA,NA
"DAN_054",2082.29260462529,12.7118308392843,39.9807818045887,144.579230844656,13.2495029633602
"DAN_056",NA,NA,NA,NA,NA
"DAN_057",NA,NA,NA,NA,NA
"DAN_058",NA,NA,NA,NA,NA
"DAN_059",2369.92458597102,8.9282830660262,36.675646225967,98.2582656013244,12.5943484040787
"DAN_060",NA,NA,NA,NA,NA
"DAN_061",NA,NA,NA,NA,NA
"DAN_062",NA,NA,NA,NA,NA
"DAN_063",NA,NA,NA,NA,NA
"DAN_064",NA,NA,NA,NA,NA
"DAN_065",NA,NA,NA,NA,NA
"DAN_066",NA,NA,NA,NA,NA
"DAN_067",NA,NA,NA,NA,NA
"DAN_068",NA,NA,NA,NA,NA
"DAN_070",NA,NA,NA,NA,NA
"DAZ_001",NA,NA,NA,NA,NA
"DAZ_002",NA,NA,NA,NA,NA
"DAZ_003",NA,NA,NA,NA,NA
"DAZ_004",1751.09506080361,32.3691416347887,38.6854955258729,292.541157068229,12.9433984219886
"DAZ_005",2107.29356836568,23.2482329350296,39.1636225884176,263.933443467487,12.7605634166327
"DAZ_006",NA,NA,NA,NA,NA
"DIACOL_CALIMA",1479.98908842441,33.8465373423976,36.2993158265881,244.509329788113,13.932034355619
"DICTA_17",NA,NA,NA,NA,NA
"DOR_364",2601.42799085345,23.8922006767357,20.3962536195193,361.693262212696,14.2949250253813
"DOR_390",2240.64675633501,37.4202993223169,19.7136304136656,472.326301213879,13.9979098448886
"DOR_500",NA,NA,NA,NA,NA
"DRK_149",2094.63535823889,32.0001617959388,41.2313218060229,339.799864500815,12.8029405214547
"G122",NA,NA,NA,NA,NA
"G19833",NA,NA,NA,NA,NA
"G4494",NA,NA,NA,NA,NA
"G4523",2151.98497728496,24.9363422476118,36.3556913620146,299.45279428663,13.8933894643242
"GGB_001",NA,NA,NA,NA,NA
"GGB_002",NA,NA,NA,NA,NA
"GGB_004",NA,NA,NA,NA,NA
"GGB_006",NA,NA,NA,NA,NA
"GGB_007",NA,NA,NA,NA,NA
"GGB_008",NA,NA,NA,NA,NA
"GGB_009",NA,NA,NA,NA,NA
"GGR_001",NA,NA,NA,NA,NA
"GGR_005",NA,NA,NA,NA,NA
"GGR_008",NA,NA,NA,NA,NA
"GGR_011",NA,NA,NA,NA,NA
"GGR_012",NA,NA,NA,NA,NA
"GGR_014",NA,NA,NA,NA,NA
"GGR_016",NA,NA,NA,NA,NA
"GGR_018",NA,NA,NA,NA,NA
"GGR_021",NA,NA,NA,NA,NA
"GGR_023",NA,NA,NA,NA,NA
"GGR_025",NA,NA,NA,NA,NA
"GGR_026",NA,NA,NA,NA,NA
"GGR_029",NA,NA,NA,NA,NA
"GGR_030",NA,NA,NA,NA,NA
"ICA_CALIMA",1774.34228746513,24.2922838260352,35.1629133227189,212.75244107822,13.2642507202454
"INB_820",NA,NA,NA,NA,NA
"INB_834",NA,NA,NA,NA,NA
"INB_835",NA,NA,NA,NA,NA
"INB_837",NA,NA,NA,NA,NA
"JAMAPA",NA,NA,NA,NA,NA
"KAT_B1",1967.6662485941,12.001675155534,30.4613707348475,122.001544515554,12.976126457305
"KAT_B9",2051.64373517098,12.7695282072789,31.2463411612121,146.859764889187,13.2549322016043
"LPA_071",1655.68362756658,31.5661475556949,32.9381640013116,289.273864240827,13.7109107084927
"LPA_111",2040.07459204804,22.0879386882445,37.2131771540662,232.270886290141,12.5515105167008
"LPA_122",1137.09063194412,24.1428580357765,26.7604940291593,102.007145524913,12.5603082098219
"LPA_146",1610.80529517035,28.3284160581484,36.3276533401042,220.854678706645,13.974218451045
"LPA_164",2026.4625952614,32.203367268517,44.7844402782835,380.383680646857,13.5731132939071
"LPA_404",NA,NA,NA,NA,NA
"LPA_406",1606.02094532042,29.4524949259291,31.4176234222247,221.501373602747,12.656360966309
"LPA_426",1186.23530995765,21.162945793369,31.3471169477944,115.944238537671,12.5885006965371
"LPA_435",1720.92295825817,20.5152860618271,42.7239020027954,185.486602466393,12.8229978325843
"LPA_440",NA,NA,NA,NA,NA
"LPA_467",2207.75322336482,13.1012110706619,37.7472477380634,155.568648258684,12.4520424725923
"LPA_471",NA,NA,NA,NA,NA
"LPA_499",2006.54754432405,27.87735435499,37.9582256452918,322.228919546607,13.4085719952034
"LPA_512",2762.31594313049,21.1758223117925,41.474519953264,362.336313647978,12.1210179752033
"LPA_530",1873.67086299385,24.3860119794068,33.530046680011,247.206697861443,13.2718692147166
"LPA_546",2434.10528052729,11.5851278210404,35.8357932878476,122.064933556248,12.7075215384577
"LPA_551",NA,NA,NA,NA,NA
"LPA_566",2285.9093638824,30.8467855249971,41.5240955757534,403.714491605328,13.9643806935093
"LPA_568",2051.14403162035,27.1292339910629,34.7937378981408,300.799740707558,13.5704539788364
"LPA_573",1818.22391081936,35.6556741928257,33.1654054277703,348.274033678922,12.736087879833
"LPA_610",2188.9635765682,19.0608153934416,37.8323895177486,221.049849201524,13.2613574936325
"LPA_643",1835.08994535217,9.36626565747532,25.9280316036478,79.0036304940694,13.1325615143784
"LPA_687",NA,NA,NA,NA,NA
"LPA_714",2135.86230090958,16.3560849681224,39.3291209007092,190.531842785207,13.1679442062878
"LPA_732",1944.13084248502,29.0308191659148,39.3752320885997,326.244600707843,12.7488808336887
"LPA_736",1841.28747646419,32.8833232271158,38.6242789634764,339.995864461081,13.138428804725
"LPA_760",NA,NA,NA,NA,NA
"LPA_770",2301.08348563549,23.6674052616893,39.218512334838,294.332620886715,13.4089665273943
"LPA_771",1932.53050675525,27.1614567902538,32.6359623941472,300.518233567389,13.7470151905521
"LPA_772",2358.97881861209,23.5052303755868,29.899139214569,329.788402193415,13.8825376089385
"LPA_773",1937.01981129851,23.6786977617279,39.1638692500579,238.933463793458,12.5761440917577
"LPA_774",1891.6802700439,29.2784774489022,39.8688016946692,282.632453981331,13.1141283992494
"LPA_775",2120.91994592978,29.0836615195013,38.041582813055,337.644200456957,12.8949066363343
"LPA_776",1754.50987192992,27.3429434527851,35.6213931918251,259.829519285918,13.3186878038336
"LPA_777",2035.12218336809,29.8791067443864,35.9813976809957,363.414217210728,13.2886562162588
"LPA_778",1770.63046467544,22.0849703758611,39.5437349854111,191.199158042775,12.7893455472482
"LYAMUNGO_85",1567.4303009871,21.6940375890903,32.3081096345814,151.66088097159,14.0505279340916
"MAB_484",NA,NA,NA,NA,NA
"MAZ_013",NA,NA,NA,NA,NA
"MAZ_021",2179.25486965508,20.4327599917404,35.266377857186,249.486063195998,12.1710359082262
"MAZ_026",NA,NA,NA,NA,NA
"MAZ_032",1684.9285375954,20.9067835077207,35.3911166241037,171.887215883035,12.29449909888
"MAZ_048",1679.85254253886,16.0684952677691,29.2177104725446,118.869656771515,13.2941904578142
"MIB_465",NA,NA,NA,NA,NA
"NATAL_SUGAR",1702.8250359541,20.8458896185561,28.9283667464287,171.363886653045,12.5429082847622
"NCB_226",NA,NA,NA,NA,NA
"NCB_280",NA,NA,NA,NA,NA
"NDZ_001",NA,NA,NA,NA,NA
"NDZ_002",1611.14909344578,24.7555361242688,41.2169907612976,204.928547761305,12.9725692041036
"NDZ_003",NA,NA,NA,NA,NA
"NDZ_004",NA,NA,NA,NA,NA
"NDZ_005",NA,NA,NA,NA,NA
"NDZ_006",NA,NA,NA,NA,NA
"NDZ_007",NA,NA,NA,NA,NA
"NDZ_008",1708.11765975667,24.5502600556031,34.8785770286135,219.315482122869,12.1911290315714
"NDZ_009",NA,NA,NA,NA,NA
"NDZ_010",NA,NA,NA,NA,NA
"NDZ_011",NA,NA,NA,NA,NA
"NDZ_012",2706.92001889614,14.1716100101227,34.1488964318314,182.389655011852,12.8347043400754
"NDZ_013",NA,NA,NA,NA,NA
"NUA_035",2024.83923174611,19.8494209934874,39.8666838570244,217.124628147461,12.1390698230553
"NUA_103",NA,NA,NA,NA,NA
"NUA_184",1417.36905040152,16.8210746097292,34.746482464002,99.2300097333375,12.6355521311102
"NUA_230",1520.96614887873,18.3677476987237,30.2597777739109,111.178456461147,12.6534451551967
"NUA_289",NA,NA,NA,NA,NA
"NUA_291",1521.47895759027,21.5697972094052,32.8318655560893,159.689281531158,12.5686584506882
"NUA_326",NA,NA,NA,NA,NA
"NUA_365",1960.34669920996,14.3702553800848,38.9966917787169,146.858901436863,13.0003023294402
"NUA_368",1980.30737920535,23.5555488079044,42.3260207078434,249.24935251247,13.131055285552
"NUA_398",1481.21397734735,16.8505483978093,38.364499778738,112.09929461196,13.1090130325758
"NUA_428",NA,NA,NA,NA,NA
"NUA_430",2144.85441292322,14.4534838656064,36.7749627537601,158.63681152844,13.2438908448482
"NUA_463",NA,NA,NA,NA,NA
"NUA_520",1838.16977020241,22.7350356022975,35.0579529376885,206.876899491557,13.1335329228492
"NUA_523",NA,NA,NA,NA,NA
"NUA_537",1937.90192472328,27.3091935289129,39.37410230773,272.21530656553,13.2583815646776
"NUA_540",NA,NA,NA,NA,NA
"NUA_548",NA,NA,NA,NA,NA
"NUA_560",NA,NA,NA,NA,NA
"NUA_671",NA,NA,NA,NA,NA
"NUA_711",NA,NA,NA,NA,NA
"PAN_127",NA,NA,NA,NA,NA
"PVA_773",2012.22666601342,18.5198082419897,30.0544552120174,213.201579249807,13.8108354046136
"RAA_021",2474.55011794208,13.75713736921,32.5286996932276,172.378765796717,12.9323097211187
"RAA_030",2765.21432569377,19.5361318738958,35.6270341076735,305.254006069687,12.8894567637519
"RAA_034",3287.53069172446,9.01814935235277,31.0668862397994,92.388556641999,12.525751973435
"RCB_591",NA,NA,NA,NA,NA
"RCB_593",NA,NA,NA,NA,NA
"RED_CANADIAN_WONDER",1850.43955861591,22.8477082806212,26.1889676737449,246.148731575615,13.5811984087694
"RMA_072",2047.30734609014,14.5097488418414,33.9283677905504,156.388574901418,13.135501199955
"RMX_002",NA,NA,NA,NA,NA
"RMX_008",NA,NA,NA,NA,NA
"RMX_019",1310.38933641463,11.1592398087718,29.719922219895,66.8363111173503,12.7650876465489
"RMX_020",1358.74834929564,14.610220170885,30.4634859852848,100.500855813031,12.2189797411912
"SAA_015",2485.92573939607,14.9262406718828,37.3530225239314,170.15009463723,13.5141534067115
"SAA_017",2545.0111453865,17.948256591334,36.9737793996961,241.119844063131,13.0740509964093
"SAA_020",2405.73138675542,12.0080613017193,36.451727892893,163.095346624517,13.5908236095694
"SAA_021",2655.7072016552,13.8931353777812,37.806459827174,184.112943525274,12.995711752093
"SAB_259",2039.08857004792,25.9544671733089,31.1422848031329,290.552697871547,13.7075146976187
"SAB_516",4192.4570787614,17.6360871597944,38.0328108959867,193.082025414677,12.3940698881845
"SAB_560",2423.68180505284,19.165047043389,36.1204933200485,265.675709382634,13.208870267506
"SAB_568",2216.06618659258,14.352337959857,34.9340309726935,191.805231387462,13.4050718024691
"SAB_576",2008.88911571621,15.1999560061584,35.7535301693553,141.840574182191,12.9669826713512
"SAB_618",NA,NA,NA,NA,NA
"SAB_626",NA,NA,NA,NA,NA
"SAB_632",NA,NA,NA,NA,NA
"SAB_659",2384.56513967372,17.0031645059226,37.8927422035935,228.788250496546,12.8769141723931
"SAB_686",2404.63468921836,22.9499355324847,35.7528801409872,311.8356330354,13.3230817065924
"SAB_711",2459.10624411683,18.8578937525779,32.8780974528473,258.244626236873,13.8040256182125
"SAB_712",2499.37379154132,17.0213125265353,34.5257373803955,212.391983992858,13.6839447208665
"SAP_001-15",NA,NA,NA,NA,NA
"SAP_001-16",2060.89238746723,29.5470800147449,40.3735774471041,344.137816616276,12.4773715543517
"SAR_002",NA,NA,NA,NA,NA
"SAR_003",NA,NA,NA,NA,NA
"SAR_004",NA,NA,NA,NA,NA
"SCN_013",NA,NA,NA,NA,NA
"SCN_014",NA,NA,NA,NA,NA
"SCN_015",NA,NA,NA,NA,NA
"SCN_016",NA,NA,NA,NA,NA
"SCN_017",NA,NA,NA,NA,NA
"SCN_018",NA,NA,NA,NA,NA
"SCN_019",NA,NA,NA,NA,NA
"SCN_020",NA,NA,NA,NA,NA
"SCN_021",NA,NA,NA,NA,NA
"SCR_002",NA,NA,NA,NA,NA
"SCR_003",NA,NA,NA,NA,NA
"SCR_004",NA,NA,NA,NA,NA
"SCR_008",NA,NA,NA,NA,NA
"SCR_009",NA,NA,NA,NA,NA
"SCR_011",NA,NA,NA,NA,NA
"SCR_016",NA,NA,NA,NA,NA
"SCR_022",NA,NA,NA,NA,NA
"SCR_023",NA,NA,NA,NA,NA
"SCR_040",NA,NA,NA,NA,NA
"SCR_045",NA,NA,NA,NA,NA
"SCR_047",NA,NA,NA,NA,NA
"SCR_055",NA,NA,NA,NA,NA
"SCR_056",NA,NA,NA,NA,NA
"SCR_061",NA,NA,NA,NA,NA
"SCR_066",NA,NA,NA,NA,NA
"SCR_069",NA,NA,NA,NA,NA
"SCR_070",NA,NA,NA,NA,NA
"SCR_076",NA,NA,NA,NA,NA
"SEA_005",NA,NA,NA,NA,NA
"SEC_034",NA,NA,NA,NA,NA
"SEC_035",NA,NA,NA,NA,NA
"SEC_036",NA,NA,NA,NA,NA
"SEC_038",NA,NA,NA,NA,NA
"SEC_039",NA,NA,NA,NA,NA
"SEC_040",NA,NA,NA,NA,NA
"SEC_042",NA,NA,NA,NA,NA
"SEC_045",NA,NA,NA,NA,NA
"SEC_046",NA,NA,NA,NA,NA
"SEC_047",NA,NA,NA,NA,NA
"SEC_048",NA,NA,NA,NA,NA
"SEC_049",NA,NA,NA,NA,NA
"SEC_050",NA,NA,NA,NA,NA
"SEC_051",NA,NA,NA,NA,NA
"SEC_052",NA,NA,NA,NA,NA
"SEC_053",NA,NA,NA,NA,NA
"SEC_054",NA,NA,NA,NA,NA
"SEC_055",NA,NA,NA,NA,NA
"SEC_056",NA,NA,NA,NA,NA
"SEC_057",NA,NA,NA,NA,NA
"SEC_058",NA,NA,NA,NA,NA
"SEC_059",NA,NA,NA,NA,NA
"SEC_060",NA,NA,NA,NA,NA
"SEC_061",NA,NA,NA,NA,NA
"SEC_062",NA,NA,NA,NA,NA
"SEF_009",NA,NA,NA,NA,NA
"SEF_010",NA,NA,NA,NA,NA
"SEF_012",NA,NA,NA,NA,NA
"SEF_014",NA,NA,NA,NA,NA
"SEF_015",NA,NA,NA,NA,NA
"SEF_016",NA,NA,NA,NA,NA
"SEF_028",NA,NA,NA,NA,NA
"SEF_029",NA,NA,NA,NA,NA
"SEF_045",NA,NA,NA,NA,NA
"SEF_060",2180.59185809658,32.109036080595,25.4279778187694,420.382526919226,13.9183461745377
"SEN_034",NA,NA,NA,NA,NA
"SEN_037",NA,NA,NA,NA,NA
"SEN_046",NA,NA,NA,NA,NA
"SEN_053",NA,NA,NA,NA,NA
"SEN_056",2510.41031495776,33.5964256572951,26.6733865390664,533.011992618745,13.4504219050054
"SEN_101",NA,NA,NA,NA,NA
"SEN_102",NA,NA,NA,NA,NA
"SEN_103",NA,NA,NA,NA,NA
"SEN_104",NA,NA,NA,NA,NA
"SEN_105",NA,NA,NA,NA,NA
"SEN_106",NA,NA,NA,NA,NA
"SEN_107",NA,NA,NA,NA,NA
"SEN_108",NA,NA,NA,NA,NA
"SEN_109",NA,NA,NA,NA,NA
"SEN_110",NA,NA,NA,NA,NA
"SEN_111",NA,NA,NA,NA,NA
"SEN_112",NA,NA,NA,NA,NA
"SEN_113",NA,NA,NA,NA,NA
"SEN_114",NA,NA,NA,NA,NA
"SEN_115",NA,NA,NA,NA,NA
"SEN_116",NA,NA,NA,NA,NA
"SEN_117",NA,NA,NA,NA,NA
"SEN_118",NA,NA,NA,NA,NA
"SEN_119",NA,NA,NA,NA,NA
"SEN_120",NA,NA,NA,NA,NA
"SEN_121",NA,NA,NA,NA,NA
"SEN_122",NA,NA,NA,NA,NA
"SEQ_011",NA,NA,NA,NA,NA
"SEQ_1003",2492.80378937799,22.2996058760793,33.3571450591013,300.685375650954,13.3303985627495
"SEQ_1004",1965.91397731394,35.4940153306772,37.1273956674344,423.252198340329,13.2549491644158
"SEQ_1006",2489.30816465533,21.3193274290835,40.8362479263033,313.61989499574,12.6941599456189
"SEQ_1027",2657.56167082239,20.3725592803072,31.8085292685173,308.514594632627,13.2519473182287
"SER_008",NA,NA,NA,NA,NA
"SER_014",NA,NA,NA,NA,NA
"SER_015",NA,NA,NA,NA,NA
"SER_016",NA,NA,NA,NA,NA
"SER_019",NA,NA,NA,NA,NA
"SER_020",NA,NA,NA,NA,NA
"SER_021",NA,NA,NA,NA,NA
"SER_022",NA,NA,NA,NA,NA
"SER_023",NA,NA,NA,NA,NA
"SER_024",NA,NA,NA,NA,NA
"SER_028",NA,NA,NA,NA,NA
"SER_095",NA,NA,NA,NA,NA
"SER_118",2360.77922856445,33.5713670790051,25.5666318643679,472.551405215091,14.0865949993477
"SER_125",NA,NA,NA,NA,NA
"SER_313",NA,NA,NA,NA,NA
"SER_325",NA,NA,NA,NA,NA
"SER_326",NA,NA,NA,NA,NA
"SER_327",NA,NA,NA,NA,NA
"SER_328",NA,NA,NA,NA,NA
"SER_329",NA,NA,NA,NA,NA
"SER_331",NA,NA,NA,NA,NA
"SER_333",NA,NA,NA,NA,NA
"SER_339",NA,NA,NA,NA,NA
"SER_346",NA,NA,NA,NA,NA
"SER_349",NA,NA,NA,NA,NA
"SER_350",NA,NA,NA,NA,NA
"SER_351",NA,NA,NA,NA,NA
"SER_353",NA,NA,NA,NA,NA
"SER_360",NA,NA,NA,NA,NA
"SER_364",NA,NA,NA,NA,NA
"SER_366",NA,NA,NA,NA,NA
"SER_373",NA,NA,NA,NA,NA
"SER_377",NA,NA,NA,NA,NA
"SER_379",NA,NA,NA,NA,NA
"SER_380",NA,NA,NA,NA,NA
"SER_381",NA,NA,NA,NA,NA
"SER_382",NA,NA,NA,NA,NA
"SER_383",NA,NA,NA,NA,NA
"SER_384",NA,NA,NA,NA,NA
"SER_385",NA,NA,NA,NA,NA
"SER_386",NA,NA,NA,NA,NA
"SER_387",NA,NA,NA,NA,NA
"SER_388",NA,NA,NA,NA,NA
"SER_389",NA,NA,NA,NA,NA
"SER_390",NA,NA,NA,NA,NA
"SER_391",NA,NA,NA,NA,NA
"SIN_524",NA,NA,NA,NA,NA
"SIN_525",NA,NA,NA,NA,NA
"SIN_526",NA,NA,NA,NA,NA
"SIN_527",NA,NA,NA,NA,NA
"SMC_033",NA,NA,NA,NA,NA
"SMC_041",NA,NA,NA,NA,NA
"SMC_101",NA,NA,NA,NA,NA
"SMC_137",NA,NA,NA,NA,NA
"SMC_140",NA,NA,NA,NA,NA
"SMC_141",NA,NA,NA,NA,NA
"SMC_142",NA,NA,NA,NA,NA
"SMC_143",NA,NA,NA,NA,NA
"SMC_146",NA,NA,NA,NA,NA
"SMC_151",NA,NA,NA,NA,NA
"SMC_155",NA,NA,NA,NA,NA
"SMC_157",NA,NA,NA,NA,NA
"SMC_158",NA,NA,NA,NA,NA
"SMC_159",NA,NA,NA,NA,NA
"SMC_162",NA,NA,NA,NA,NA
"SMC_163",NA,NA,NA,NA,NA
"SMC_164",NA,NA,NA,NA,NA
"SMC_165",NA,NA,NA,NA,NA
"SMC_166",NA,NA,NA,NA,NA
"SMC_167",NA,NA,NA,NA,NA
"SMC_168",NA,NA,NA,NA,NA
"SMC_169",NA,NA,NA,NA,NA
"SMC_170",NA,NA,NA,NA,NA
"SMC_171",NA,NA,NA,NA,NA
"SMC_172",NA,NA,NA,NA,NA
"SMC_173",NA,NA,NA,NA,NA
"SMC_174",NA,NA,NA,NA,NA
"SMC_175",NA,NA,NA,NA,NA
"SMC_176",NA,NA,NA,NA,NA
"SMC_177",NA,NA,NA,NA,NA
"SMC_178",NA,NA,NA,NA,NA
"SMC_179",NA,NA,NA,NA,NA
"SMC_180",NA,NA,NA,NA,NA
"SMC_181",NA,NA,NA,NA,NA
"SMC_182",NA,NA,NA,NA,NA
"SMC_183",NA,NA,NA,NA,NA
"SMC_184",NA,NA,NA,NA,NA
"SMC_185",NA,NA,NA,NA,NA
"SMC_186",NA,NA,NA,NA,NA
"SMC_187",NA,NA,NA,NA,NA
"SMC_188",NA,NA,NA,NA,NA
"SMC_189",NA,NA,NA,NA,NA
"SMC_190",NA,NA,NA,NA,NA
"SMC_191",NA,NA,NA,NA,NA
"SMC_192",NA,NA,NA,NA,NA
"SMC_193",NA,NA,NA,NA,NA
"SMC_194",NA,NA,NA,NA,NA
"SMC_195",NA,NA,NA,NA,NA
"SMC_196",NA,NA,NA,NA,NA
"SMC_197",NA,NA,NA,NA,NA
"SMC_198",NA,NA,NA,NA,NA
"SMC_199",NA,NA,NA,NA,NA
"SMC_200",NA,NA,NA,NA,NA
"SMC_201",NA,NA,NA,NA,NA
"SMC_202",NA,NA,NA,NA,NA
"SMC_203",NA,NA,NA,NA,NA
"SMC_204",NA,NA,NA,NA,NA
"SMC_205",NA,NA,NA,NA,NA
"SMC_206",NA,NA,NA,NA,NA
"SMC_207",NA,NA,NA,NA,NA
"SMC_208",NA,NA,NA,NA,NA
"SMC_209",NA,NA,NA,NA,NA
"SMC_210",NA,NA,NA,NA,NA
"SMC_211",NA,NA,NA,NA,NA
"SMN_039",NA,NA,NA,NA,NA
"SMN_057",NA,NA,NA,NA,NA
"SMN_058",NA,NA,NA,NA,NA
"SMN_059",NA,NA,NA,NA,NA
"SMN_060",NA,NA,NA,NA,NA
"SMN_061",NA,NA,NA,NA,NA
"SMN_062",NA,NA,NA,NA,NA
"SMN_063",NA,NA,NA,NA,NA
"SMN_064",NA,NA,NA,NA,NA
"SMN_065",NA,NA,NA,NA,NA
"SMR_072",NA,NA,NA,NA,NA
"SMR_083",NA,NA,NA,NA,NA
"SMR_084",NA,NA,NA,NA,NA
"SMR_085",NA,NA,NA,NA,NA
"SMR_086",NA,NA,NA,NA,NA
"SMR_087",NA,NA,NA,NA,NA
"SMR_088",NA,NA,NA,NA,NA
"SMR_094",NA,NA,NA,NA,NA
"SMR_095",NA,NA,NA,NA,NA
"SMR_099",NA,NA,NA,NA,NA
"SMR_101",NA,NA,NA,NA,NA
"SMR_103",NA,NA,NA,NA,NA
"SMR_107",NA,NA,NA,NA,NA
"SMR_109",NA,NA,NA,NA,NA
"SMR_111",NA,NA,NA,NA,NA
"SMR_113",NA,NA,NA,NA,NA
"SMR_115",NA,NA,NA,NA,NA
"SMR_120",NA,NA,NA,NA,NA
"SMR_121",NA,NA,NA,NA,NA
"SMR_127",NA,NA,NA,NA,NA
"SMR_128",NA,NA,NA,NA,NA
"SMR_129",NA,NA,NA,NA,NA
"SMR_130",NA,NA,NA,NA,NA
"SMR_132",NA,NA,NA,NA,NA
"SMR_133",NA,NA,NA,NA,NA
"SMR_134",NA,NA,NA,NA,NA
"SMR_135",NA,NA,NA,NA,NA
"SMR_136",NA,NA,NA,NA,NA
"SMR_137",NA,NA,NA,NA,NA
"SMR_138",NA,NA,NA,NA,NA
"SMR_139",NA,NA,NA,NA,NA
"SMR_140",NA,NA,NA,NA,NA
"SMR_141",NA,NA,NA,NA,NA
"SMR_142",NA,NA,NA,NA,NA
"SMR_143",NA,NA,NA,NA,NA
"SMR_144",NA,NA,NA,NA,NA
"SMR_145",NA,NA,NA,NA,NA
"SMR_146",NA,NA,NA,NA,NA
"SMR_147",NA,NA,NA,NA,NA
"SMR_148",NA,NA,NA,NA,NA
"SMR_149",NA,NA,NA,NA,NA
"SMR_150",NA,NA,NA,NA,NA
"SMR_151",NA,NA,NA,NA,NA
"SMR_152",NA,NA,NA,NA,NA
"SMR_153",NA,NA,NA,NA,NA
"SMR_154",NA,NA,NA,NA,NA
"SMR_155",NA,NA,NA,NA,NA
"SMR_156",NA,NA,NA,NA,NA
"SMR_157",NA,NA,NA,NA,NA
"SMR_158",NA,NA,NA,NA,NA
"SMR_159",NA,NA,NA,NA,NA
"SUG_131",1732.39320464292,22.5180546938898,35.2370858412677,215.850529289334,12.8112930528565
"SXB_412",NA,NA,NA,NA,NA
"TIO_CANELA_75",1999.6236357162,39.8201730977229,19.1848395601646,481.492159962822,15.6043004005517
"USA_063",NA,NA,NA,NA,NA
"USA_077",NA,NA,NA,NA,NA
