"line","YDHPL","YDHA","PLHA","DF","DPM","SW100","TSW"
"ACC_001",1751.91697423481,1385.71261943934,49.6983013386214,31.3261222585383,63.7288985643135,41.409154817816,465.792849174782
"ACC_002",1667.07977801498,1327.23225640354,51.7001203775337,27.9336260455663,58.619974209998,41.508466350066,444.376176687618
"ACC_003",1968.20844379258,1623.8242500192,46.3368178283191,29.7015987378577,62.7013151450205,45.0023673416792,506.673559586384
"ACC_004",1881.96299869178,1579.99682790597,51.8246186535626,32.1772384391538,68.0983726938307,43.1874696760566,532.853276594069
"ACC_005",2001.64918615777,1715.27590907577,52.1168668954107,29.4797973797439,63.1176162926139,45.7926615803319,561.145109891544
"ACC_006",1570.64464272674,1081.22076390058,45.0807556969107,32.0077300080253,63.3760224245975,39.8169436296545,379.673372112199
"ACC_007",1815.27885835068,1343.09260260654,50.2095023982134,31.1591803317382,62.9546544601628,38.9590474741698,482.009399773472
"ACC_008",2052.33261596427,1573.59308415656,48.1992210480582,30.8570540297258,63.8791662575799,42.8417288112219,518.087397904393
"ACC_009",2523.11517728075,1736.71802066143,38.129595236564,32.3608325577608,66.9235050950264,42.5519271413174,496.203423308784
"ACC_010",2116.39742727005,1921.67525633549,46.3000038427962,30.3170285061567,63.2056957771117,42.4188112098345,493.312435643364
"ACC_011",2169.57973277518,1817.74946743531,55.6906182455605,28.0264586454273,62.4725138928281,44.3425256914343,624.794217099518
"ACC_012",1747.91669651781,1467.69770708475,52.6765000049669,31.7550937564959,67.2340074843136,45.2158957436223,485.598882236205
"ACC_013",1880.88298202131,1670.44809966154,52.5947479971274,32.1320332694622,65.523797899065,39.6909408195131,513.372166614793
"ACC_014",2428.46140164461,1860.35610710698,40.6625779957508,32.4723862228111,64.6777912583965,40.9201169638004,484.214422762667
"ACC_015",1511.20384006906,1276.92723329884,45.033407534869,32.4721463604033,66.3267923600975,37.9267618749842,351.180118145818
"ACC_016",2204.78954143722,1358.64199603126,42.3597040474454,32.4393418251858,63.7457249104778,39.6895953594547,448.285713310233
"ACC_017",1836.80752636824,1224.92336916588,44.0512110756608,29.5351544290067,59.9073304840393,38.7353113716654,430.460911370068
"ACC_018",2212.55321253896,1839.04924696788,51.3241136599128,30.788338899293,62.3990707959437,39.0400662616135,606.900995173926
"ACC_019",2186.82866223097,1672.83444738872,45.7799470812191,30.9259168625138,61.2412640768921,34.7916857844761,509.294254528631
"ACC_020",1906.2213901633,1525.51756510773,50.5663476092323,31.5118670532448,65.5392306405228,42.3235645156471,491.158254554028
"ACC_022",1994.97072238023,1683.91746423874,50.936438666185,31.5284246323461,61.1483620780259,42.5996268284445,529.682748056071
"ACC_023",2028.15267475171,1800.50439479718,46.370012364832,31.2589523210245,65.2763745744124,44.6001750566851,519.432972124045
"ACC_024",2333.70001421982,1819.84501387392,50.0803541121348,29.3614513455714,63.2705392850496,42.0778924677499,622.676519645056
"ACC_025",1540.78465830137,1443.47170687737,48.8064287559203,29.8680283637371,63.9661721844582,36.7750103150884,391.613233347778
"ACC_026",1906.99068681173,1777.4261298848,48.5781727779925,31.5107158028053,66.207707052825,40.073625512478,483.770709116794
"ACC_027",1649.52527326234,1675.97917791288,55.1839318009756,32.1188191922498,68.5725488743425,43.3849458248771,475.340705631139
"ACC_028",1824.17568978225,1497.42957495466,55.4198534762348,30.4099660058164,61.7579408670093,37.0596404695578,545.682957061029
"ACC_029",1883.34454029981,1683.09221663794,52.4485066955415,29.4232547807216,61.6104962486858,44.8149572820902,520.579510947773
"ACC_030",1908.68442550671,1612.41582402082,52.805113084635,32.4687599655078,68.3924083792483,46.4198531133355,541.634384348697
"ACC_031",2177.08338290921,2029.97620710989,51.2433050120971,30.3043495596887,65.9407239224964,44.5028866387036,602.466982003918
"AFR_298",2287.051703233,2197.10060204744,50.8373155364189,31.0386533074166,63.6908312068809,47.0715780761992,626.294521542312
"AFR_612",1636.14835944195,1018.71949725255,42.603840612182,32.7961642130081,67.1807720718768,38.6863323061173,338.366289375031
"AFR_619",1527.64885606249,1259.75664388252,47.0089812286399,33.7067810962475,65.923743039988,36.2644804539281,370.882547073468
"AFR_722",1738.16551201526,1256.74326982052,47.1847448758393,32.4301933056955,64.4673246297962,44.7548299500863,449.627992642248
"AFR_735",1730.59775283819,1502.38580537625,50.1723337171967,31.8043114509101,65.0563915910612,42.5731928609335,350.235759106693
"BAT_477",2446.31635778508,1856.84217979811,46.4051061185757,36.0871447965873,63.5389680662238,28.9899524713363,563.212209206378
"BRB_189",1777.15950877541,1483.17533374443,51.9840537727521,30.314005074808,61.2943834215003,39.9257245988822,489.323031350197
"BRB_191",1354.28376078208,919.624290080493,47.869221105092,35.7020409665783,68.3835071190813,42.2347275475459,314.01037694527
"BRB_193",1940.3009610687,1289.40978422708,44.4820435379745,29.1942516357436,60.1349881652176,36.6466515525586,466.491512308607
"BRB_198",1731.19930656988,1487.36740913368,52.9831794816392,36.5638203981064,68.4060088841782,45.0165203656157,502.027452843394
"BRB_215",1945.64550468305,1742.79496285401,47.6886800340952,28.9028398312452,63.2533363613517,43.8913975727051,476.655723217265
"BRB_264",1754.61213505961,1299.13605828847,43.9477212069931,30.7376118106838,64.2737590988139,36.3304573727241,414.181141185002
"CAL_096",1996.96656617133,1664.26859430641,50.2451674038541,30.8331687598575,62.1216388202658,45.8000066063681,528.166479680526
"CAL_143",1879.79531492676,1453.27546357694,50.5848585476929,32.4028985945324,67.1424459538321,37.8452569485918,476.709138886223
"COS_016",2123.28958506687,1870.39039531343,47.4087535928661,31.1602469087867,62.4187880837629,37.3731653182787,516.164762067417
"DAB_049",2529.54044578273,2389.59348405195,54.2359085234055,33.5626695139165,63.8546789678836,32.7094712818506,765.452513313437
"DAB_052",2269.58731063167,2122.29168752074,52.5477870016814,36.2492778835004,64.3440907712996,32.1625809086243,652.630699453265
"DAB_053",2038.76889687561,1955.57545886372,51.6902126252833,29.8807903787447,62.4487875126994,48.449301712402,573.482005869284
"DAB_062",2063.63383570589,1994.08407191143,55.4355848297784,29.3942634286703,62.4744129592497,41.2159996261916,623.149444945789
"DAB_064",2793.82639491612,1709.01190717084,42.1036571609468,31.6270462106689,62.9563328345613,45.5033764389391,544.148784221068
"DAB_065",2284.62152760394,1948.64357980743,49.2222717589351,31.8959885912532,64.7187669674108,45.2012178566902,593.12139432415
"DAB_066",1995.98722417494,1810.1243097771,49.1842682359153,32.0256737981278,64.6674851035061,45.8246278085344,564.423081417076
"DAB_084",2123.40467764541,1732.02005791311,45.6516159538329,31.9086540052992,63.9984253463359,40.8751788258666,497.331086975383
"DAB_090",1953.91833797537,1740.82703541686,54.1466393326436,30.9229277946655,63.1214910460343,36.6765382934043,595.244678050413
"DAB_105",2195.07297678754,1617.05626623459,48.5102107801906,31.8492293901452,62.2807286308241,36.4844199466611,551.167726714626
"DAB_106",2229.79174773585,2069.34756601903,46.9424174295028,31.7243101975732,62.088326963911,39.2559393020102,582.099684325255
"DAB_109",2161.68485922118,1929.32965447828,53.4247155177197,30.5997225708185,61.9576376439575,42.0145152873348,619.865764441004
"DAB_150",2115.60644784209,1993.53656588057,55.0041314500426,32.0434167583028,64.2252436352178,41.2138988805323,648.402108539657
"DAB_187",1985.44334347219,1792.21733474913,55.7562711803206,31.1061399314123,61.5160757580948,34.1548912834317,582.122817456166
"DAB_231",2290.38109978605,1890.10178535087,50.8236613021603,29.9367078136994,61.290012700088,42.9140335073072,616.19834887306
"DAB_233",1995.69519914282,1793.30892299607,54.5895388736839,29.2551693198267,58.6069329907807,43.3135494537812,572.732889010591
"DAB_236",2090.66391572273,1684.38701137174,49.0482328753964,29.2625840473178,62.3700824027013,40.4243789418643,554.475452118245
"DAB_244",2036.38905747145,1736.37231591026,53.9170748546326,29.2777472154691,63.8167063783412,41.7732773091251,588.625301531885
"DAB_251",2482.63920862816,2374.56723278271,50.2836449570925,30.4499093235388,62.9818666056857,41.138140593162,671.824915580347
"DAB_252",2156.78124958452,1928.03556780151,48.6630092619602,30.0950935186674,63.0437581965076,43.6581667533807,538.452627998298
"DAB_256",2199.06365841647,1948.88009240959,52.692367935365,29.1901536630092,62.6263587325343,46.2930054375366,619.812597786279
"DAB_258",2032.13991252366,1652.13615553514,48.0425876744713,30.7639762801029,62.4478632680007,40.845329064103,512.221971039748
"DAB_267",2321.83241960516,2045.59000541573,50.7306439093196,29.132386346678,61.0397058954114,42.0373088221857,638.280501630987
"DAB_277",1879.72961102163,1668.11038481975,54.0219259945004,29.2500440481227,60.1898641451607,41.2807423952547,542.687757712936
"DAB_295",2367.28537063895,2166.45442520264,48.7642285359238,28.4487406951809,61.8509470482546,43.5539716450519,604.11962954844
"DAB_302",2270.00730685165,2156.22856757318,49.7782653596877,30.3476342399501,63.0864728231983,46.2510545054815,627.868555224378
"DAB_317",2569.9414972323,2544.08841725775,43.8681987399093,30.1485406896499,63.5379933470445,43.047552805415,532.461844660967
"DAB_344",2277.87549815774,1895.69743736857,47.320513889154,28.3934317335001,57.8661484495748,40.5744781353984,571.621761111661
"DAB_353",1903.46597159851,1574.75131822505,52.0926128871295,29.2507435467003,60.4599296528038,40.2943904989226,528.213109761046
"DAB_366",2237.20941175352,1988.5986327551,57.669242349153,31.0673933981291,62.8215840464249,43.9835787506543,675.890664633429
"DAB_374",2651.41465707281,2009.94645789571,48.9485350382213,28.802713254485,60.9540901218951,40.7842513866013,647.813665080133
"DAB_380",2372.6688744242,1925.19567341567,48.990479430102,28.9779763059565,59.2602918483457,46.5959297851594,634.528595196112
"DAB_384",1842.31364206561,1498.1053116169,48.208322653597,31.2060852199019,61.6484090099201,38.6433194636175,466.99433652308
"DAB_396",2217.87453664224,2066.15076599469,54.0841436263322,30.1083737476414,62.5611173557789,42.3075859202713,666.953615449876
"DAB_398",2454.49245660446,1894.2303958474,47.5742413314974,29.4886367628241,62.9640891173692,42.9068301148788,621.579318906021
"DAB_402",1990.33310610756,1973.27598799965,55.3168459424681,29.5568604596871,61.709067659237,47.8435901054849,643.139094302794
"DAB_441",2644.98125620853,1948.84382699147,47.3300704750761,28.7044961475993,59.1061842526442,43.6446184246897,635.527770572974
"DAB_489",2063.72413624529,1608.93632940719,48.4214350812635,27.5459590452526,60.4147418460865,41.9055770101292,534.870723074728
"DAB_494",1891.36931895876,1678.23459895627,54.9680173174621,27.6490741352248,59.3036308422507,41.1344464482904,568.115261680486
"DAB_514",2719.49975997493,2457.88368080233,51.3749228890757,30.391265853873,62.0213781340527,48.5086464067925,773.707118444005
"DAB_520",2110.97231270677,1674.04827640837,44.874977276619,27.7643792943223,59.2411481667785,40.1479010669074,488.278147870343
"DAB_525",2036.58574327399,1971.06181069417,51.4245511853592,28.4858881039303,58.7520726196996,40.4919210979863,569.447561364203
"DAB_528",2634.33326316478,2052.43088308767,44.4967089095346,29.1879971511051,62.055415101503,43.8998329708849,618.11883098832
"DAB_534",2209.49254790954,1800.90287969744,49.1456448363088,27.6641309999679,60.7178580863268,42.1388102555487,580.5486959857
"DAB_541",2273.54400300319,1826.38815181389,50.3107881854333,28.3500883062933,60.7540676920097,40.1594490293279,601.330696551145
"DAB_545",2593.93962701436,2047.43396790289,49.5356245847923,28.1922842910768,60.1373055590907,43.886941346628,665.748822592326
"DAB_549",2203.72055097516,1851.279348104,51.0331997885609,27.7007198304796,59.3746859557465,39.6600886685962,593.561898885329
"DAB_555",2255.40799742663,1729.31937270642,48.259215886301,27.1040918421223,58.9312621140519,39.3377573413782,565.957421195477
"DAB_568",2078.51192985687,1775.33250340874,51.8544918696414,30.3269978335296,63.7491544530488,43.6481749805679,581.230279495546
"DAB_569",2202.25432502992,1922.72425644382,52.4030062913028,30.4411843311052,66.0403182558626,45.5276409092494,592.270507243198
"DAB_570",2376.48240636181,1799.28328653696,48.4458646184073,31.576739412851,68.162585313555,47.604422901132,578.076579002549
"DAB_571",2345.11605154504,2195.38951348739,54.7721478739365,33.0189267810345,65.7488116044607,48.0918597806405,666.921581405513
"DAB_572",1695.54406357295,1521.57645365473,54.3734926377475,30.2085352761022,65.2331177382082,43.0594597873758,494.706827401722
"DAB_573",2056.74929908153,1656.92741744742,50.0423236228328,32.6115075389323,63.2074562255289,40.4364392302305,546.688285983325
"DAB_574",2240.00317098602,1841.91497389042,47.2455263870518,33.1361894239152,63.2351081849904,43.1612745911393,568.409534501906
"DAB_575",1968.03566998376,1560.07166914921,49.6131457963721,33.0805555668418,63.4341799178456,37.7143436728044,500.811432808545
"DAB_576",2336.00931802175,2132.94351674533,50.0890159912391,29.8822303398291,61.6420212575957,47.6179538581952,643.151422767382
"DAB_577",2322.19499627358,2037.88545958943,50.9386357753865,30.2698138791301,62.7527863782346,49.4190759852335,622.312797701094
"DAB_578",1872.47931204822,1415.1180199734,48.1938942295003,32.2279544426165,62.3459871110038,38.5513673462801,461.3697420978
"DAB_579",1867.3227286749,1576.91462768785,47.7088455253845,32.1149201775447,62.2108446205478,45.5439556836718,488.364768010127
"DAB_580",2306.22744839022,1651.54396249908,40.6501784627479,32.2882114828289,64.5322722569824,42.3977133923313,470.771113821434
"DAB_581",2303.32459312643,2003.47780719438,47.540344520336,32.1826385231004,63.325751476032,42.2762535456237,556.367389722994
"DAB_582",1617.59903375598,1276.14436261934,51.5248021755059,34.8156951973673,63.806719839445,37.7694416838483,429.658217289
"DAB_583",1901.56236358394,1637.90046904321,55.2832054661238,28.7213477931828,58.7927483757962,41.2381689715477,551.248667037876
"DAB_584",1868.73007201098,1522.67049782665,52.1225541527053,29.231642079422,62.0924111205123,40.0260702073166,526.566821443415
"DAB_585",2041.36501992278,1634.10189062443,49.428972581005,32.0260622954832,63.9140976095208,40.4096511773933,523.922862513867
"DAB_586",2296.79351827397,2067.47959163897,47.5225826328829,31.9503132614906,63.5327895684627,42.7893870090536,587.336405511737
"DAB_587",1987.70003267325,1890.13164535052,52.3297197685621,28.6005247575789,60.1483498560153,39.3701705385137,557.907798119197
"DAB_588",2478.72866094953,1592.78709947116,45.6601401178535,29.6536852327016,62.1439453076562,37.5295537311499,540.043578794175
"DAB_589",1954.04917187066,1574.81468931872,51.2544208530917,28.9715827941137,60.0432034311619,39.1597232967742,520.42788131346
"DAB_590",2061.71683042605,1741.4700599774,51.2721588873781,29.517975113753,59.8653346855181,39.7996886845277,550.206201613264
"DAB_591",2102.46508450447,1967.56940560718,52.4398229776509,28.7456716506425,60.5026845376127,41.8813980199205,599.747487283785
"DAB_592",2098.6949284787,1435.16980540964,43.8384007348243,30.2185019069139,62.7071623826077,39.786105371237,468.359943875908
"DAB_593",2296.42948259921,1974.31852333321,51.3993332823873,29.5750030935128,61.5025650306409,41.3089179972087,628.832631989055
"DAB_594",2463.45899609539,2202.76321708374,52.7423046338517,28.8174088301407,60.8410160021266,44.044608437292,687.351272551997
"DAB_596",2150.43705883522,2064.64031808469,53.7439587047805,29.3473982397222,60.9144032457546,40.779208967411,621.701153912072
"DAB_597",1874.46877183844,1788.08017192574,50.3279431116051,29.5540387504362,61.2553340236716,43.6147769285748,518.636743381424
"DAB_598",2204.98551187015,1791.58841265128,51.1818582709623,29.4704045172074,61.503744270386,42.4172882368978,589.377788109847
"DAB_600",2486.44895579721,1584.29741296056,41.7674366499889,31.0517186791144,68.1542152015497,45.6504756909175,510.886779236472
"DAB_602",1883.85060946611,1569.91749521851,52.2842415518548,31.3251142497398,63.4913074617351,47.8575166694953,519.828529823726
"DAB_603",1924.76086828606,1488.37647898643,48.3137306662125,32.1365681109907,63.5786833900279,39.2373643794847,493.143006055595
"DAB_604",2276.09865669795,2063.25159247128,53.2366546952208,29.0355173816454,62.7513602328268,44.9606842781963,628.537416031014
"DAB_605",2214.08694604116,1866.15925167488,53.7220413911966,30.1125625315028,62.2426825767995,43.890978278824,606.210693479723
"DAB_606",1846.54484955889,1612.92872656639,48.151444324324,32.242657947169,62.7104870150686,40.8970344104542,485.825219783731
"DAB_607",1989.35082483214,1482.8924312862,47.070902735289,31.3825329208122,63.9663519100745,45.931835824154,458.65927749657
"DAB_608",2135.30076204905,1834.38485100154,47.6549225087774,31.5543493487512,64.7282598837974,40.8449225440545,560.077683806994
"DAB_609",1976.39071034685,1260.51335981563,44.224730933871,31.7802580465836,64.1531993261459,38.5544667162759,432.96325158787
"DAB_610",2095.60799343698,1821.02764833657,47.921128892467,35.9937963427481,67.6742995144387,40.4835064094796,552.674239803875
"DAB_612",2084.16635805481,1837.67625427834,46.2474962076171,31.127251632452,62.7042328523063,42.7724726580779,518.151684151413
"DAB_613",2101.44124906083,1819.84132406735,45.1433937127571,30.4524204398523,60.203978980876,40.104459857939,522.272418490547
"DAB_614",2661.8077721331,2099.9204763624,48.8759342293439,27.5866199141457,61.1272608067301,40.0925075640414,653.828951582864
"DAB_615",1963.18870671287,1839.04585445301,46.9474564592566,27.7478679494503,60.2787171227271,43.1222312132774,471.888092263632
"DAB_616",2152.20423266764,1200.35882675332,38.9500776505986,35.8797955249717,69.6541002520005,38.6009542133518,384.968192119382
"DAB_617",2088.35886475274,1797.13139953945,51.9919313323661,28.5768637944839,58.8320712992979,39.7212278133221,588.262344060383
"DAB_618",2226.19464822834,1779.03270393019,48.4450071265035,28.8567813286766,58.0908573488526,37.461039601655,573.990788640196
"DAB_619",2454.14065746517,1344.27047385315,38.9443665484028,29.1331421116669,59.4778459372442,42.5590251070354,425.715758943764
"DAB_620",2028.22275844138,1505.2572537896,46.530097423014,28.7978779712594,59.4372402897721,37.3399262916846,493.023970222612
"DAB_621",2167.8924637461,1835.46594408438,51.3210046255052,29.4514428996981,61.1266906651324,43.330269148718,588.70294898767
"DAB_622",2104.28801015914,1804.21220171606,50.5735616292202,29.3701564661113,60.2859770804031,42.3392158946351,565.260953209205
"DAB_624",2067.67491556619,2015.89870952415,59.3278006471217,29.24734134581,61.4062024791721,43.1511276901184,653.915807110446
"DAB_625",2195.95267919896,1924.23019929044,49.3506990094168,29.9282310672474,60.8186796981107,41.0358062980463,583.462092772643
"DAB_628",2243.12614923066,1774.54812200245,49.6965533723938,29.2081178920851,62.1410240717881,40.9862956547613,602.194834927076
"DAB_629",2202.85235206416,2062.70823397125,53.5749807393405,29.2721159269371,61.479895972565,44.2695764477373,641.434363175977
"DAB_630",2232.91463319673,1986.16838428451,49.5390348961281,30.1398786853213,61.1710315229383,42.2722099829061,616.514115742336
"DAB_631",2046.83718274695,1464.23243035293,45.3623640130144,27.9843061101597,58.7233835587989,38.9309383111601,478.383868565237
"DAB_633",2392.98923857765,1620.93099816031,43.0193183982888,27.9697501050673,58.8604321229923,40.4534831397442,482.512727013716
"DAB_634",1696.44253443882,1521.38472875531,53.7181560160164,28.9225249146854,58.1214690741855,37.4791659276625,526.186422328875
"DAB_900",2069.33299320748,1848.12382204647,50.4937049773014,28.9994580795902,59.5545504292843,38.0690206721031,551.663736331476
"DAB_901",3028.24155406239,1062.39090865822,30.6942242861729,28.5995508802779,59.9606077190832,39.5670527069049,385.483701207126
"DAB_902",2246.01774687453,1677.56252248913,49.6822536679094,28.2518344088955,58.939070375988,41.4005555528637,590.157664424484
"DAB_903",2277.27498689872,1840.21843660663,50.2382552866498,27.6136391868518,58.8935521957416,45.5562949917074,619.060241952788
"DAB_904",2250.51837450871,1834.7249769972,50.781838791156,27.7975094803514,58.1333918776869,38.4373105479084,602.062896369255
"DAB_905",2071.75303644072,1732.28831479684,47.2201184437148,29.3978207322764,60.1570993972512,35.9256977014615,505.76991060494
"DAB_906",2257.60486002227,1512.8822975129,44.4900877357343,28.4251105685798,59.2133097560333,42.6203547034245,503.192336108729
"DAB_907",1834.88393134625,1357.88280918712,49.758935250784,30.3677058381242,62.8059316652363,36.8367509534587,508.964010043252
"DAB_909",2092.96643612935,1815.88530440614,52.1129262709664,27.8704042731294,58.3014832122879,41.8854545751546,591.93900309345
"DAB_910",2428.00263207374,1950.88563867875,49.8725973553958,29.8138167600991,61.4394795339964,42.9271171311998,649.033675016599
"DAB_911",1725.796630723,1398.4670551946,51.1356346499594,27.662352372999,57.7449932632533,39.1672681505468,483.953282967601
"DAB_912",1991.55629539411,1330.98814031547,45.4822094291858,28.6825626792811,61.7617909402539,40.6748489000255,457.391184818333
"DAB_913",2124.8215313483,1103.2187222834,37.2575424585652,28.6912858855081,61.4749146317384,36.090402045323,380.050975944732
"DAB_914",2142.54246188615,1716.84396354359,51.267687652712,28.2809781758489,58.4661784956252,43.8996208078092,594.340878780239
"DAB_915",1908.77848620798,1579.77168561739,54.7717180130534,27.9869544675985,56.305833586087,37.1326062012905,559.299618505931
"DAB_916",1960.08905812421,1558.73572826296,51.3976280238769,28.8183965444788,61.4690664035174,44.2987279932998,539.002876594447
"DAB_917",2344.99350652886,1895.17430225133,48.1300650645407,28.8863756497515,62.107187799636,44.7927844933416,605.47158909223
"DAB_918",1793.83113471872,1424.5888277968,50.4952469432213,27.6289303813923,59.4332183983331,40.8604120277421,481.614219185401
"DAB_919",2002.08405721137,1558.42183010015,50.0155374926027,28.0134843643643,59.7864935372927,36.6013636107706,521.195534546058
"DAB_920",1920.49273747959,1368.7473321408,46.1214160961526,27.9246939752433,57.9382966053289,39.2707263377547,456.90331556283
"DAB_921",2041.13753639178,1394.94512318818,45.0243087525012,29.6470993573532,59.6676369266603,34.9218164856662,476.003122735137
"DAB_923",2348.18178812811,1362.56212734498,39.2722799100899,28.9370886517713,60.6694072731437,38.2533429307316,444.590567861631
"DAB_924",2877.5204190622,1113.2730440882,31.9194123036612,30.2082632386763,63.9183858671211,38.9945615591299,373.07794577214
"DAB_925",2279.73262792717,2142.55602915371,54.3284481181772,27.1729868262411,60.5613997336028,42.4554948829461,676.4396219172
"DAB_926",2636.4763176083,1905.6444365361,46.6432399617614,29.0090550961522,63.2102090408092,37.1812091948344,618.931151306208
"DAB_927",1887.87033793301,1354.8483101921,47.4500489496378,29.3816182658862,61.4209106937269,39.1323894928435,479.213970917256
"DAB_928",2132.67001930341,1855.44124547556,51.1630143954164,27.6684464576681,59.7091875585405,41.514509196492,570.034930071454
"DAB_929",1844.53600503205,1829.68848344547,58.362241088304,26.924794366345,58.7417326285667,43.9858890423527,580.928274550003
"DAB_930",2257.87424070617,1790.54119374464,47.1305117002159,27.3476545018366,58.3504119473177,43.3084397563108,561.312243260565
"DAB_931",1946.7677543749,1583.93036586856,50.639528834063,27.2833884260991,57.4989866492427,37.3324413698326,528.759466883359
"DAB_932",2069.51390650593,1938.88262905674,55.8150837429968,27.1551189049544,58.3522468209031,45.3893575188791,615.444728492387
"DAB_933",2139.2082847908,1669.42161038615,50.3878594707541,27.9041864486103,59.1460207839026,40.1748473817061,570.720564293616
"DAB_934",2091.04308637177,1735.87368128661,50.6247236287648,29.6053278626937,62.2251025640287,35.6070369102043,560.549448112745
"DAB_935",2167.02054814756,1490.16290281935,45.5001577738628,29.1320760984379,60.8027216979329,36.7727318436361,501.691800209461
"DAB_936",2212.64288990944,1308.14984697185,41.3202283648063,28.9736184558039,60.7764296558255,36.026800876156,435.949742143284
"DAB_937",1708.73162043155,1601.74952318511,55.2911661979901,27.3860174159787,56.0229017284672,41.2024108934542,515.053840006219
"DAB_938",2055.77272756642,1682.75569139082,52.5321088216562,28.905951363565,59.1243283988839,41.7182389958467,583.15001367718
"DAB_939",2346.9491176369,1754.51469933849,46.3571424330865,28.8418089811525,61.5094748244923,43.3760171571924,562.199885717421
"DAB_940",2226.02673447836,1544.90623281687,46.5017877683105,27.8370701113503,60.1012868929775,42.1928220957709,530.148693283833
"DAB_942",2208.54834393835,1451.54906738082,43.1086826637009,27.5075935470393,57.5693104189174,39.3910637524066,490.16149966811
"DAD_019",1930.33913893154,1469.16771499981,51.0962931115017,30.1325027633098,62.4443741684918,47.1682079643538,475.013659309627
"DAD_036",1732.73677587701,1528.59262990102,54.2830620026629,31.5255625523472,67.6228061712742,41.6712496775582,477.943875049772
"DAD_044",1741.18285391916,1493.82789725214,55.7283467390144,30.2342737659898,65.9870281631234,40.4742275142789,521.343367697209
"DRK_149",2721.7416622997,1865.37773254764,39.2117788544786,30.3211946094814,61.8486037521362,45.2503093844056,547.782510851553
"G4494",1795.03664166878,1439.11223403123,52.5464810552521,31.2609767459858,61.5910832635442,40.6433527167137,487.607915626269
"G4523",1776.57096626889,1235.95762482101,44.4748912319208,32.6497015137845,65.7402410244039,40.1816540118853,406.646466543902
"KAT_B1",1625.60025296333,1173.8729538099,46.481817458479,27.3228881117148,58.2895074580085,36.8630840962112,393.538383104693
"KAT_B9",2028.53778482464,1280.83395333489,43.7057750603265,27.515378938111,59.1827580769377,35.6252731185172,422.204187023592
"LPA_404",1456.55747400518,908.9287233136,47.7662420136038,32.8610971037345,66.0228157579885,37.5114356694385,338.983019246052
"LPA_435",2030.6891829324,1682.82970196575,48.3784377755314,29.0376709232506,64.8469289149927,41.8987243577304,521.740186079235
"LPA_440",1683.2978639196,1490.06903185778,48.9751347874057,30.6288635605136,66.372788996944,39.5575538200497,414.661472248035
"LPA_467",2298.11387871347,1194.8506101254,38.0134392843196,31.7382399176159,62.8189285100705,42.493593611096,404.259127100657
"LPA_471",2249.84272084105,1613.37374819352,48.5711873542687,30.0904606196829,64.2322819009962,48.495967961996,548.119512933488
"LPA_499",2387.2346397341,2260.65264424843,52.9309228047893,31.1200671156587,64.0339786227084,41.1852106430855,702.346908797153
"LPA_512",2341.48970322292,1605.24971711396,44.2769344177525,31.4731247728972,62.4456066450568,45.0824230419967,516.438749482258
"LPA_530",1987.90677193519,1499.71323810398,48.1260252287809,27.4780474819682,55.88287241809,38.4513531849965,512.839965485595
"LPA_546",2196.97669661073,1766.73939173757,50.6875951680076,31.3128963088317,63.6701709638452,51.6943386187866,582.4538770167
"LPA_551",1890.86234066339,1141.80500132276,42.5411817520825,34.3010864864582,68.829481000913,43.423793800214,337.417321168543
"LPA_610",2390.93120455042,1849.66900744405,49.0593731880109,30.8423420026814,64.0795480877202,44.0427144977825,591.08805432411
"LPA_643",2286.891319409,1661.52895576212,45.6521800610625,32.4678314710933,67.8462152637991,40.5721847928397,539.251664510964
"LPA_687",1732.31923958792,1088.9931528351,41.4251497197399,31.8777556928703,63.0150453750889,39.233235236035,382.087110556389
"LPA_714",2417.14499040872,1637.67814682865,46.8368596528776,33.4481086016576,65.2919009699955,47.3528212539755,506.78289131632
"LPA_732",2279.02330042645,1922.02653185061,51.1235552609221,30.1584279031541,64.7183586794223,45.7054470400548,596.565483348026
"LPA_736",1937.02788226307,1684.12528550731,50.8647335557145,29.5952080770392,64.0887971273054,45.2787345894678,533.367207241949
"LPA_760",1781.58898499108,1535.24550910837,54.6010897455797,31.9988741090293,66.0671567718814,39.1821459601767,495.304758296034
"LYAMUNGO_85",1594.29306867959,1204.26611214107,50.0086252998632,34.8250937182786,69.240648444715,38.181445490019,409.395778694171
"MAB_484",2128.48576621887,2111.47964631231,58.0804590392147,37.0352128238168,67.5619238401198,26.6516724179587,657.85210769995
"MAZ_013",1952.17078409057,1302.23387339229,43.5876238237244,29.7174248819908,63.0473481071905,35.7158461283995,457.269658371698
"MAZ_021",1650.4726604802,1263.66334829346,50.8217852428753,30.2009837209154,58.9423068181925,34.2459708228124,449.552373731362
"MAZ_026",1993.48482890639,1292.43099942818,44.3398842942482,30.5073667721972,69.3104879021199,39.7998887080318,464.877002515765
"MAZ_032",1892.80982178687,1094.76029899601,43.1446160299872,31.6997751619537,67.5556610626732,41.9828287995515,395.83833730443
"MAZ_048",1882.85161412583,1546.09681623433,49.4467496441916,32.1313242735219,68.1707984780631,36.0855289161458,468.68716682617
"NATAL_SUGAR",2108.76240369821,1067.94963765454,39.0092512925331,36.9251731299778,68.5393190545471,32.5890675061823,302.658878022543
"NUA_035",2162.41547467873,1910.4664875206,46.7322856372023,30.5987257295388,64.9270377901048,46.3672956014759,538.938656841859
"NUA_103",1671.60896690641,1165.8945869612,46.9341556180598,33.347821960409,67.3859578530343,36.6909707187555,404.832679523704
"NUA_184",1220.38006819096,699.90739581868,40.4654180706413,36.4583999519618,69.3546055207681,34.5933021516309,266.853458339794
"NUA_230",1313.56153995912,1046.67732023997,53.6349567604216,32.8412074550328,67.8613494767168,44.3121111458608,358.018340325479
"NUA_289",1444.30921269094,1033.1437859448,49.0787861962364,31.5304475265808,66.1987832378203,38.1538015711303,331.850516000345
"NUA_291",2373.03586605364,1750.39781205301,48.116438212797,33.0626486822122,66.7848943224908,43.6152833236499,548.975352448608
"NUA_326",1624.20432819314,1348.88092381859,48.4903384911108,36.1052419888107,69.7279338002159,42.524471698471,435.843660590378
"NUA_365",1560.14888697799,1367.02810643843,53.7156209308737,31.03007881303,63.1293041052877,46.0679690927623,438.825738271539
"NUA_368",1623.23670109076,1455.08301842203,54.9931070453924,33.1401238065152,68.897745249004,45.4122267930073,484.896329692109
"NUA_398",1159.34355445397,850.037696655893,50.7920361998955,36.6345532825482,69.8767587015187,42.9273187090471,299.841452039498
"NUA_428",1520.47295927776,1172.46266020008,50.1358642740844,28.6270060081363,62.9320682284334,42.2548728481872,404.37490068131
"NUA_430",1605.5703501322,1175.3825824821,50.5782381952651,30.0085246134078,62.5735571366524,53.4414716789256,435.511219936217
"NUA_520",1686.74021757677,1277.85295578825,49.8559801711712,29.1782712568046,63.6368402749323,43.9818193110424,427.713885129574
"NUA_523",1782.09015176137,1465.23720161189,46.5188048264081,29.5409694114653,65.0423722383194,45.4882835346275,435.762766587579
"NUA_537",1677.61411230761,1637.93089382271,57.9320926175835,29.1029642064629,63.083013708192,46.6952840174743,530.212038757564
"NUA_540",1164.31359011901,774.753853237087,44.0018436598284,36.0324555590835,68.1125645774692,38.5384788302539,295.172543937681
"NUA_560",1146.69174972217,543.302557172687,44.4286186350677,31.2363021839142,69.7836439357034,31.5167765988761,187.256339211279
"PAN_127",1397.89341955261,1041.81757826237,50.1624893645677,35.7427732407743,68.2937473144886,33.69786166127,364.506962985315
"PVA_773",1915.93782629041,1784.65204048368,45.8865559023496,34.1882287668889,66.061790476681,38.3685080134046,483.632767239231
"RAA_021",2249.58705601728,2026.38903168897,53.4165116511232,32.7379773906785,63.0635221413253,39.8773651285531,660.303981000017
"RAA_030",2445.0265374952,2027.96093702797,49.6106079774939,32.3941485389301,62.3737838849822,40.8895110306911,654.765244177292
"RAA_034",2424.21425499247,2227.09399727308,49.5551707660787,32.2630217716052,65.7142236869521,43.688224019383,620.872604451628
"RCB_593",2175.22513425956,2167.26516787701,55.0360348088566,31.4544935481149,62.5342822275126,32.9141866539941,661.010711457317
"RED_CANADIAN_WONDER",1621.27370656023,1282.87244728075,50.5631673708522,28.5072785151015,61.1150798137522,31.7390716822618,440.000117797419
"RMA_072",1681.01769824127,1270.06773656278,48.0603884886981,33.1468028950695,67.2828416049772,44.2249270845094,426.59281905404
"RMX_002",2067.42564433489,1427.99576651216,45.9420709287758,34.4309684958557,68.670838926618,33.651013556967,473.872890771571
"RMX_008",1736.96754838858,1298.83002910502,49.5486336490747,32.6967236022986,68.5318334674283,33.9467528391002,443.422970738551
"RMX_019",1728.4231427209,1468.40261423044,52.768439091552,34.2452834986572,68.7139769564096,39.2031066389245,474.889210505
"RMX_020",1645.53961070188,1077.19455568937,44.8766368506571,34.9822760336188,67.5521957748192,38.6144010365963,357.409605817595
"SAA_015",2438.72711163327,1486.27114129848,41.514621141887,30.5300515774191,63.4066587789821,43.2204888964914,499.590954273458
"SAA_017",2491.62006062302,1476.64975987669,35.7405739025571,32.3044793811734,65.8600713371592,42.2310430562379,446.264960215377
"SAA_020",3797.76174595866,4030.76615881965,23.9975275305721,31.2107717809429,66.7685621516291,44.6012755687333,326.481530922821
"SAA_021",3946.77823364738,857.706779166591,24.4227767095229,31.0839362516427,65.3250275062881,42.90992723478,298.864710472569
"SAB_259",1959.78832227745,1582.77288762842,49.5649949062443,29.7368377372746,59.5691216690621,37.2251093276944,513.29345493058
"SAB_516",2203.40252948962,1410.27510979334,43.0218529132777,30.2711971137639,59.0402466364762,40.7847601466305,496.37831859549
"SAB_560",1819.5413898936,1743.40691623314,62.9504006595624,27.9765979215522,58.881637763123,38.4940257805606,580.570465096764
"SAB_568",2000.18992222522,1752.3314449285,48.4697588727656,31.5604028471955,64.8875131864236,46.5537028676116,527.770818369886
"SAB_576",1924.22866779989,1535.81510688253,49.7982245045633,29.1191736771798,62.0054319624381,41.1044107577998,504.774736305241
"SAB_626",2199.71331831034,1892.97646596003,53.1981746200659,29.1193292572045,60.2943438388724,41.5234532472234,637.203590304601
"SAB_659",2354.71381539399,1922.34705344632,47.2557694983939,28.8590547472885,61.2764790694383,45.0334432025965,581.831163299696
"SAB_686",2226.01122580631,1888.14876946289,50.4491347741308,29.0244464128455,58.7480383296317,40.2071488366083,563.692681890163
"SAB_711",2055.68160035477,1613.47538714897,51.3702861813616,28.9706682675998,61.6278358610561,65.065425434676,563.7353044964
"SAB_712",2266.41780584098,1862.45857825901,50.4152833783887,29.322942114487,62.8317915140338,37.8599846107716,607.937304536075
"SAP_001-16",2344.36829176521,1779.07270037917,47.5225325122405,28.2440243272115,60.598666704856,41.538378702429,571.700569447496
"SEA_005",2058.30760066458,2072.59262056305,57.5919417272781,32.2294816306871,62.5202075952724,32.02112977622,666.088201546386
"SEQ_011",2382.3097779646,1771.82716913346,47.5563185809405,32.6384697564476,62.9007147939206,31.6509424647026,610.888826870377
"SEQ_1003",2022.66669127195,1857.47464759789,52.2814579852338,33.290992787632,63.2684612838121,38.5413443897981,588.088427877025
"SEQ_1004",2203.88115333234,1870.80451987896,53.327044606922,33.3850082301274,63.3280247453693,40.7729245872696,624.106524888339
"SEQ_1006",2440.72196935269,2071.89237739392,50.0756852970865,28.9897213801611,64.125377698836,45.8127944580197,625.801575299794
"SEQ_1027",1896.94259816662,1604.94329821867,54.1533622349808,35.2332379690907,68.8130697215075,39.2602241838797,544.554672737994
"SER_008",2252.65599571739,2044.25286049018,55.1798052613483,31.9759511848144,63.0312629529625,31.1685659032446,666.071689727033
"SER_016",2554.3542873628,2576.87444256113,57.9113637547385,31.5239850343629,61.9675327183078,31.3451581496676,820.051199068362
"SER_118",2480.27909166476,2336.7062542055,54.689388119879,35.8597960152601,64.0930041932603,31.9257663722589,739.052457418805
"SUG_131",1241.08831157138,974.768362910534,41.0472252785399,36.9228502262967,68.6291309712384,36.6840949130386,292.979708097662
"TIO_CANELA_75",2701.60117657009,2206.6471400475,45.794254742646,35.8518175626,67.8916115514765,29.6113138344057,577.908087622587
